Data,Valor
30/12/2020 17:00,"1,35"
30/12/2020 16:00,"1,35"
30/12/2020 15:00,"1,35"
30/12/2020 14:00,"1,35"
30/12/2020 13:00,"1,35"
30/12/2020 12:00,"1,35"
30/12/2020 11:00,"1,35"
30/12/2020 10:00,"1,35"
29/12/2020 17:00,"1,35"
29/12/2020 16:00,"1,35"
29/12/2020 15:00,"1,35"
29/12/2020 14:00,"1,35"
29/12/2020 13:00,"1,35"
29/12/2020 12:00,"1,35"
29/12/2020 11:00,"1,35"
29/12/2020 10:00,"1,35"
28/12/2020 17:00,"1,35"
28/12/2020 16:00,"1,35"
28/12/2020 15:00,"1,35"
28/12/2020 14:00,"1,35"
28/12/2020 13:00,"1,35"
28/12/2020 12:00,"1,35"
28/12/2020 11:00,"1,35"
28/12/2020 10:00,"1,35"
23/12/2020 17:00,"1,35"
23/12/2020 16:00,"1,35"
23/12/2020 15:00,"1,35"
23/12/2020 14:00,"1,35"
23/12/2020 13:00,"1,35"
23/12/2020 12:00,"1,35"
23/12/2020 11:00,"1,35"
23/12/2020 10:00,"1,35"
22/12/2020 17:00,"1,35"
22/12/2020 16:00,"1,35"
22/12/2020 15:00,"1,35"
22/12/2020 14:00,"1,35"
22/12/2020 13:00,"1,35"
22/12/2020 12:00,"1,35"
22/12/2020 11:00,"1,35"
22/12/2020 10:00,"1,35"
21/12/2020 17:00,"1,35"
21/12/2020 16:00,"1,35"
21/12/2020 15:00,"1,35"
21/12/2020 14:00,"1,35"
21/12/2020 13:00,"1,35"
21/12/2020 12:00,"1,35"
21/12/2020 11:00,"1,35"
21/12/2020 10:00,"1,35"
18/12/2020 17:00,"1,35"
18/12/2020 16:00,"1,35"
18/12/2020 15:00,"1,35"
18/12/2020 14:00,"1,35"
18/12/2020 13:00,"1,35"
18/12/2020 12:00,"1,35"
18/12/2020 11:00,"1,35"
18/12/2020 10:00,"1,35"
17/12/2020 17:00,"1,35"
17/12/2020 16:00,"1,35"
17/12/2020 15:00,"1,35"
17/12/2020 14:00,"1,35"
17/12/2020 13:00,"1,35"
17/12/2020 12:00,"1,35"
17/12/2020 11:00,"1,35"
17/12/2020 10:00,"1,35"
16/12/2020 17:00,"1,35"
16/12/2020 16:00,"1,35"
16/12/2020 15:00,"1,35"
16/12/2020 14:00,"1,35"
16/12/2020 13:00,"1,35"
16/12/2020 12:00,"1,35"
16/12/2020 11:00,"1,35"
16/12/2020 10:00,"1,35"
15/12/2020 17:00,"1,35"
15/12/2020 16:00,"1,35"
15/12/2020 15:00,"1,35"
15/12/2020 14:00,"1,35"
15/12/2020 13:00,"1,35"
15/12/2020 12:00,"1,35"
15/12/2020 11:00,"1,35"
15/12/2020 10:00,"1,35"
14/12/2020 17:00,"1,35"
14/12/2020 16:00,"1,35"
14/12/2020 15:00,"1,35"
14/12/2020 14:00,"1,35"
14/12/2020 13:00,"1,35"
14/12/2020 12:00,"1,35"
14/12/2020 11:00,"1,35"
14/12/2020 10:00,"1,35"
11/12/2020 17:00,"1,35"
11/12/2020 16:00,"1,35"
11/12/2020 15:00,"1,35"
11/12/2020 14:00,"1,35"
11/12/2020 13:00,"1,35"
11/12/2020 12:00,"1,35"
11/12/2020 11:00,"1,35"
11/12/2020 10:00,"1,35"
10/12/2020 17:00,"1,35"
10/12/2020 16:00,"1,35"
10/12/2020 15:00,"1,35"
10/12/2020 14:00,"1,35"
10/12/2020 13:00,"1,35"
10/12/2020 12:00,"1,35"
10/12/2020 11:00,"1,35"
10/12/2020 10:00,"1,35"
09/12/2020 17:00,"1,35"
09/12/2020 16:00,"1,35"
09/12/2020 15:00,"1,35"
09/12/2020 14:00,"1,35"
09/12/2020 13:00,"1,35"
09/12/2020 12:00,"1,35"
09/12/2020 11:00,"1,35"
09/12/2020 10:00,"1,35"
08/12/2020 17:00,"1,35"
08/12/2020 16:00,"1,35"
08/12/2020 15:00,"1,35"
08/12/2020 14:00,"1,35"
08/12/2020 13:00,"1,35"
08/12/2020 12:00,"1,35"
08/12/2020 11:00,"1,35"
08/12/2020 10:00,"1,35"
07/12/2020 17:00,"1,35"
07/12/2020 16:00,"1,35"
07/12/2020 15:00,"1,35"
07/12/2020 14:00,"1,35"
07/12/2020 13:00,"1,35"
07/12/2020 12:00,"1,35"
07/12/2020 11:00,"1,35"
07/12/2020 10:00,"1,35"
04/12/2020 17:00,"1,35"
04/12/2020 16:00,"1,35"
04/12/2020 15:00,"1,35"
04/12/2020 14:00,"1,35"
04/12/2020 13:00,"1,35"
04/12/2020 12:00,"1,35"
04/12/2020 11:00,"1,35"
04/12/2020 10:00,"1,35"
03/12/2020 17:00,"1,35"
03/12/2020 16:00,"1,35"
03/12/2020 15:00,"1,35"
03/12/2020 14:00,"1,35"
03/12/2020 13:00,"1,35"
03/12/2020 12:00,"1,35"
03/12/2020 11:00,"1,35"
03/12/2020 10:00,"1,35"
02/12/2020 17:00,"1,35"
02/12/2020 16:00,"1,35"
02/12/2020 15:00,"1,35"
02/12/2020 14:00,"1,35"
02/12/2020 13:00,"1,35"
02/12/2020 12:00,"1,35"
02/12/2020 11:00,"1,35"
02/12/2020 10:00,"1,35"
01/12/2020 17:00,"1,35"
01/12/2020 16:00,"1,35"
01/12/2020 15:00,"1,35"
01/12/2020 14:00,"1,35"
01/12/2020 13:00,"1,35"
01/12/2020 12:00,"1,35"
01/12/2020 11:00,"1,35"
01/12/2020 10:00,"1,35"
30/11/2020 17:00,"0,89"
30/11/2020 16:00,"0,89"
30/11/2020 15:00,"0,89"
30/11/2020 14:00,"0,89"
30/11/2020 13:00,"0,89"
30/11/2020 12:00,"0,89"
30/11/2020 11:00,"0,89"
30/11/2020 10:00,"0,89"
27/11/2020 17:00,"0,89"
27/11/2020 16:00,"0,89"
27/11/2020 15:00,"0,89"
27/11/2020 14:00,"0,89"
27/11/2020 13:00,"0,89"
27/11/2020 12:00,"0,89"
27/11/2020 11:00,"0,89"
27/11/2020 10:00,"0,89"
26/11/2020 17:00,"0,89"
26/11/2020 16:00,"0,89"
26/11/2020 15:00,"0,89"
26/11/2020 14:00,"0,89"
26/11/2020 13:00,"0,89"
26/11/2020 12:00,"0,89"
26/11/2020 11:00,"0,89"
26/11/2020 10:00,"0,89"
25/11/2020 17:00,"0,89"
25/11/2020 16:00,"0,89"
25/11/2020 15:00,"0,89"
25/11/2020 14:00,"0,89"
25/11/2020 13:00,"0,89"
25/11/2020 12:00,"0,89"
25/11/2020 11:00,"0,89"
25/11/2020 10:00,"0,89"
24/11/2020 17:00,"0,89"
24/11/2020 16:00,"0,89"
24/11/2020 15:00,"0,89"
24/11/2020 14:00,"0,89"
24/11/2020 13:00,"0,89"
24/11/2020 12:00,"0,89"
24/11/2020 11:00,"0,89"
24/11/2020 10:00,"0,89"
23/11/2020 17:00,"0,89"
23/11/2020 16:00,"0,89"
23/11/2020 15:00,"0,89"
23/11/2020 14:00,"0,89"
23/11/2020 13:00,"0,89"
23/11/2020 12:00,"0,89"
23/11/2020 11:00,"0,89"
23/11/2020 10:00,"0,89"
20/11/2020 17:00,"0,89"
20/11/2020 16:00,"0,89"
20/11/2020 15:00,"0,89"
20/11/2020 14:00,"0,89"
20/11/2020 13:00,"0,89"
20/11/2020 12:00,"0,89"
20/11/2020 11:00,"0,89"
20/11/2020 10:00,"0,89"
19/11/2020 17:00,"0,89"
19/11/2020 16:00,"0,89"
19/11/2020 15:00,"0,89"
19/11/2020 14:00,"0,89"
19/11/2020 13:00,"0,89"
19/11/2020 12:00,"0,89"
19/11/2020 11:00,"0,89"
19/11/2020 10:00,"0,89"
18/11/2020 17:00,"0,89"
18/11/2020 16:00,"0,89"
18/11/2020 15:00,"0,89"
18/11/2020 14:00,"0,89"
18/11/2020 13:00,"0,89"
18/11/2020 12:00,"0,89"
18/11/2020 11:00,"0,89"
18/11/2020 10:00,"0,89"
17/11/2020 17:00,"0,89"
17/11/2020 16:00,"0,89"
17/11/2020 15:00,"0,89"
17/11/2020 14:00,"0,89"
17/11/2020 13:00,"0,89"
17/11/2020 12:00,"0,89"
17/11/2020 11:00,"0,89"
17/11/2020 10:00,"0,89"
16/11/2020 17:00,"0,89"
16/11/2020 16:00,"0,89"
16/11/2020 15:00,"0,89"
16/11/2020 14:00,"0,89"
16/11/2020 13:00,"0,89"
16/11/2020 12:00,"0,89"
16/11/2020 11:00,"0,89"
16/11/2020 10:00,"0,89"
13/11/2020 17:00,"0,89"
13/11/2020 16:00,"0,89"
13/11/2020 15:00,"0,89"
13/11/2020 14:00,"0,89"
13/11/2020 13:00,"0,89"
13/11/2020 12:00,"0,89"
13/11/2020 11:00,"0,89"
13/11/2020 10:00,"0,89"
12/11/2020 17:00,"0,89"
12/11/2020 16:00,"0,89"
12/11/2020 15:00,"0,89"
12/11/2020 14:00,"0,89"
12/11/2020 13:00,"0,89"
12/11/2020 12:00,"0,89"
12/11/2020 11:00,"0,89"
12/11/2020 10:00,"0,89"
11/11/2020 17:00,"0,89"
11/11/2020 16:00,"0,89"
11/11/2020 15:00,"0,89"
11/11/2020 14:00,"0,89"
11/11/2020 13:00,"0,89"
11/11/2020 12:00,"0,89"
11/11/2020 11:00,"0,89"
11/11/2020 10:00,"0,89"
10/11/2020 17:00,"0,89"
10/11/2020 16:00,"0,89"
10/11/2020 15:00,"0,89"
10/11/2020 14:00,"0,89"
10/11/2020 13:00,"0,89"
10/11/2020 12:00,"0,89"
10/11/2020 11:00,"0,89"
10/11/2020 10:00,"0,89"
09/11/2020 17:00,"0,89"
09/11/2020 16:00,"0,89"
09/11/2020 15:00,"0,89"
09/11/2020 14:00,"0,89"
09/11/2020 13:00,"0,89"
09/11/2020 12:00,"0,89"
09/11/2020 11:00,"0,89"
09/11/2020 10:00,"0,89"
06/11/2020 17:00,"0,89"
06/11/2020 16:00,"0,89"
06/11/2020 15:00,"0,89"
06/11/2020 14:00,"0,89"
06/11/2020 13:00,"0,89"
06/11/2020 12:00,"0,89"
06/11/2020 11:00,"0,89"
06/11/2020 10:00,"0,89"
05/11/2020 17:00,"0,89"
05/11/2020 16:00,"0,89"
05/11/2020 15:00,"0,89"
05/11/2020 14:00,"0,89"
05/11/2020 13:00,"0,89"
05/11/2020 12:00,"0,89"
05/11/2020 11:00,"0,89"
05/11/2020 10:00,"0,89"
04/11/2020 17:00,"0,89"
04/11/2020 16:00,"0,89"
04/11/2020 15:00,"0,89"
04/11/2020 14:00,"0,89"
04/11/2020 13:00,"0,89"
04/11/2020 12:00,"0,89"
04/11/2020 11:00,"0,89"
04/11/2020 10:00,"0,89"
03/11/2020 17:00,"0,89"
03/11/2020 16:00,"0,89"
03/11/2020 15:00,"0,89"
03/11/2020 14:00,"0,89"
03/11/2020 13:00,"0,89"
03/11/2020 12:00,"0,89"
03/11/2020 11:00,"0,89"
03/11/2020 10:00,"0,89"
30/10/2020 17:00,"0,86"
30/10/2020 16:00,"0,86"
30/10/2020 15:00,"0,86"
30/10/2020 14:00,"0,86"
30/10/2020 13:00,"0,86"
30/10/2020 12:00,"0,86"
30/10/2020 11:00,"0,86"
30/10/2020 10:00,"0,86"
29/10/2020 17:00,"0,86"
29/10/2020 16:00,"0,86"
29/10/2020 15:00,"0,86"
29/10/2020 14:00,"0,86"
29/10/2020 13:00,"0,86"
29/10/2020 12:00,"0,86"
29/10/2020 11:00,"0,86"
29/10/2020 10:00,"0,86"
28/10/2020 17:00,"0,86"
28/10/2020 16:00,"0,86"
28/10/2020 15:00,"0,86"
28/10/2020 14:00,"0,86"
28/10/2020 13:00,"0,86"
28/10/2020 12:00,"0,86"
28/10/2020 11:00,"0,86"
28/10/2020 10:00,"0,86"
27/10/2020 17:00,"0,86"
27/10/2020 16:00,"0,86"
27/10/2020 15:00,"0,86"
27/10/2020 14:00,"0,86"
27/10/2020 13:00,"0,86"
27/10/2020 12:00,"0,86"
27/10/2020 11:00,"0,86"
27/10/2020 10:00,"0,86"
26/10/2020 17:00,"0,86"
26/10/2020 16:00,"0,86"
26/10/2020 15:00,"0,86"
26/10/2020 14:00,"0,86"
26/10/2020 13:00,"0,86"
26/10/2020 12:00,"0,86"
26/10/2020 11:00,"0,86"
26/10/2020 10:00,"0,86"
23/10/2020 17:00,"0,86"
23/10/2020 16:00,"0,86"
23/10/2020 15:00,"0,86"
23/10/2020 14:00,"0,86"
23/10/2020 13:00,"0,86"
23/10/2020 12:00,"0,86"
23/10/2020 11:00,"0,86"
23/10/2020 10:00,"0,86"
22/10/2020 17:00,"0,86"
22/10/2020 16:00,"0,86"
22/10/2020 15:00,"0,86"
22/10/2020 14:00,"0,86"
22/10/2020 13:00,"0,86"
22/10/2020 12:00,"0,86"
22/10/2020 11:00,"0,86"
22/10/2020 10:00,"0,86"
21/10/2020 17:00,"0,86"
21/10/2020 16:00,"0,86"
21/10/2020 15:00,"0,86"
21/10/2020 14:00,"0,86"
21/10/2020 13:00,"0,86"
21/10/2020 12:00,"0,86"
21/10/2020 11:00,"0,86"
21/10/2020 10:00,"0,86"
20/10/2020 17:00,"0,86"
20/10/2020 16:00,"0,86"
20/10/2020 15:00,"0,86"
20/10/2020 14:00,"0,86"
20/10/2020 13:00,"0,86"
20/10/2020 12:00,"0,86"
20/10/2020 11:00,"0,86"
20/10/2020 10:00,"0,86"
19/10/2020 17:00,"0,86"
19/10/2020 16:00,"0,86"
19/10/2020 15:00,"0,86"
19/10/2020 14:00,"0,86"
19/10/2020 13:00,"0,86"
19/10/2020 12:00,"0,86"
19/10/2020 11:00,"0,86"
19/10/2020 10:00,"0,86"
16/10/2020 17:00,"0,86"
16/10/2020 16:00,"0,86"
16/10/2020 15:00,"0,86"
16/10/2020 14:00,"0,86"
16/10/2020 13:00,"0,86"
16/10/2020 12:00,"0,86"
16/10/2020 11:00,"0,86"
16/10/2020 10:00,"0,86"
15/10/2020 17:00,"0,86"
15/10/2020 16:00,"0,86"
15/10/2020 15:00,"0,86"
15/10/2020 14:00,"0,86"
15/10/2020 13:00,"0,86"
15/10/2020 12:00,"0,86"
15/10/2020 11:00,"0,86"
15/10/2020 10:00,"0,86"
14/10/2020 17:00,"0,86"
14/10/2020 16:00,"0,86"
14/10/2020 15:00,"0,86"
14/10/2020 14:00,"0,86"
14/10/2020 13:00,"0,86"
14/10/2020 12:00,"0,86"
14/10/2020 11:00,"0,86"
14/10/2020 10:00,"0,86"
13/10/2020 17:00,"0,86"
13/10/2020 16:00,"0,86"
13/10/2020 15:00,"0,86"
13/10/2020 14:00,"0,86"
13/10/2020 13:00,"0,86"
13/10/2020 12:00,"0,86"
13/10/2020 11:00,"0,86"
13/10/2020 10:00,"0,86"
09/10/2020 17:00,"0,86"
09/10/2020 16:00,"0,86"
09/10/2020 15:00,"0,86"
09/10/2020 14:00,"0,86"
09/10/2020 13:00,"0,86"
09/10/2020 12:00,"0,86"
09/10/2020 11:00,"0,86"
09/10/2020 10:00,"0,86"
08/10/2020 17:00,"0,86"
08/10/2020 16:00,"0,86"
08/10/2020 15:00,"0,86"
08/10/2020 14:00,"0,86"
08/10/2020 13:00,"0,86"
08/10/2020 12:00,"0,86"
08/10/2020 11:00,"0,86"
08/10/2020 10:00,"0,86"
07/10/2020 17:00,"0,86"
07/10/2020 16:00,"0,86"
07/10/2020 15:00,"0,86"
07/10/2020 14:00,"0,86"
07/10/2020 13:00,"0,86"
07/10/2020 12:00,"0,86"
07/10/2020 11:00,"0,86"
07/10/2020 10:00,"0,86"
06/10/2020 17:00,"0,86"
06/10/2020 16:00,"0,86"
06/10/2020 15:00,"0,86"
06/10/2020 14:00,"0,86"
06/10/2020 13:00,"0,86"
06/10/2020 12:00,"0,86"
06/10/2020 11:00,"0,86"
06/10/2020 10:00,"0,86"
05/10/2020 17:00,"0,86"
05/10/2020 16:00,"0,86"
05/10/2020 15:00,"0,86"
05/10/2020 14:00,"0,86"
05/10/2020 13:00,"0,86"
05/10/2020 12:00,"0,86"
05/10/2020 11:00,"0,86"
05/10/2020 10:00,"0,86"
02/10/2020 17:00,"0,86"
02/10/2020 16:00,"0,86"
02/10/2020 15:00,"0,86"
02/10/2020 14:00,"0,86"
02/10/2020 13:00,"0,86"
02/10/2020 12:00,"0,86"
02/10/2020 11:00,"0,86"
02/10/2020 10:00,"0,86"
01/10/2020 17:00,"0,86"
01/10/2020 16:00,"0,86"
01/10/2020 15:00,"0,86"
01/10/2020 14:00,"0,86"
01/10/2020 13:00,"0,86"
01/10/2020 12:00,"0,86"
01/10/2020 11:00,"0,86"
01/10/2020 10:00,"0,86"
30/09/2020 17:00,"0,64"
30/09/2020 16:00,"0,64"
30/09/2020 15:00,"0,64"
30/09/2020 14:00,"0,64"
30/09/2020 13:00,"0,64"
30/09/2020 12:00,"0,64"
30/09/2020 11:00,"0,64"
30/09/2020 10:00,"0,64"
29/09/2020 17:00,"0,64"
29/09/2020 16:00,"0,64"
29/09/2020 15:00,"0,64"
29/09/2020 14:00,"0,64"
29/09/2020 13:00,"0,64"
29/09/2020 12:00,"0,64"
29/09/2020 11:00,"0,64"
29/09/2020 10:00,"0,64"
28/09/2020 17:00,"0,64"
28/09/2020 16:00,"0,64"
28/09/2020 15:00,"0,64"
28/09/2020 14:00,"0,64"
28/09/2020 13:00,"0,64"
28/09/2020 12:00,"0,64"
28/09/2020 11:00,"0,64"
28/09/2020 10:00,"0,64"
25/09/2020 17:00,"0,64"
25/09/2020 16:00,"0,64"
25/09/2020 15:00,"0,64"
25/09/2020 14:00,"0,64"
25/09/2020 13:00,"0,64"
25/09/2020 12:00,"0,64"
25/09/2020 11:00,"0,64"
25/09/2020 10:00,"0,64"
24/09/2020 17:00,"0,64"
24/09/2020 16:00,"0,64"
24/09/2020 15:00,"0,64"
24/09/2020 14:00,"0,64"
24/09/2020 13:00,"0,64"
24/09/2020 12:00,"0,64"
24/09/2020 11:00,"0,64"
24/09/2020 10:00,"0,64"
23/09/2020 17:00,"0,64"
23/09/2020 16:00,"0,64"
23/09/2020 15:00,"0,64"
23/09/2020 14:00,"0,64"
23/09/2020 13:00,"0,64"
23/09/2020 12:00,"0,64"
23/09/2020 11:00,"0,64"
23/09/2020 10:00,"0,64"
22/09/2020 17:00,"0,64"
22/09/2020 16:00,"0,64"
22/09/2020 15:00,"0,64"
22/09/2020 14:00,"0,64"
22/09/2020 13:00,"0,64"
22/09/2020 12:00,"0,64"
22/09/2020 11:00,"0,64"
22/09/2020 10:00,"0,64"
21/09/2020 17:00,"0,64"
21/09/2020 16:00,"0,64"
21/09/2020 15:00,"0,64"
21/09/2020 14:00,"0,64"
21/09/2020 13:00,"0,64"
21/09/2020 12:00,"0,64"
21/09/2020 11:00,"0,64"
21/09/2020 10:00,"0,64"
18/09/2020 17:00,"0,64"
18/09/2020 16:00,"0,64"
18/09/2020 15:00,"0,64"
18/09/2020 14:00,"0,64"
18/09/2020 13:00,"0,64"
18/09/2020 12:00,"0,64"
18/09/2020 11:00,"0,64"
18/09/2020 10:00,"0,64"
17/09/2020 17:00,"0,64"
17/09/2020 16:00,"0,64"
17/09/2020 15:00,"0,64"
17/09/2020 14:00,"0,64"
17/09/2020 13:00,"0,64"
17/09/2020 12:00,"0,64"
17/09/2020 11:00,"0,64"
17/09/2020 10:00,"0,64"
16/09/2020 17:00,"0,64"
16/09/2020 16:00,"0,64"
16/09/2020 15:00,"0,64"
16/09/2020 14:00,"0,64"
16/09/2020 13:00,"0,64"
16/09/2020 12:00,"0,64"
16/09/2020 11:00,"0,64"
16/09/2020 10:00,"0,64"
15/09/2020 17:00,"0,64"
15/09/2020 16:00,"0,64"
15/09/2020 15:00,"0,64"
15/09/2020 14:00,"0,64"
15/09/2020 13:00,"0,64"
15/09/2020 12:00,"0,64"
15/09/2020 11:00,"0,64"
15/09/2020 10:00,"0,64"
14/09/2020 17:00,"0,64"
14/09/2020 16:00,"0,64"
14/09/2020 15:00,"0,64"
14/09/2020 14:00,"0,64"
14/09/2020 13:00,"0,64"
14/09/2020 12:00,"0,64"
14/09/2020 11:00,"0,64"
14/09/2020 10:00,"0,64"
11/09/2020 17:00,"0,64"
11/09/2020 16:00,"0,64"
11/09/2020 15:00,"0,64"
11/09/2020 14:00,"0,64"
11/09/2020 13:00,"0,64"
11/09/2020 12:00,"0,64"
11/09/2020 11:00,"0,64"
11/09/2020 10:00,"0,64"
10/09/2020 17:00,"0,64"
10/09/2020 16:00,"0,64"
10/09/2020 15:00,"0,64"
10/09/2020 14:00,"0,64"
10/09/2020 13:00,"0,64"
10/09/2020 12:00,"0,64"
10/09/2020 11:00,"0,64"
10/09/2020 10:00,"0,64"
09/09/2020 17:00,"0,64"
09/09/2020 16:00,"0,64"
09/09/2020 15:00,"0,64"
09/09/2020 14:00,"0,64"
09/09/2020 13:00,"0,64"
09/09/2020 12:00,"0,64"
09/09/2020 11:00,"0,64"
09/09/2020 10:00,"0,64"
08/09/2020 17:00,"0,64"
08/09/2020 16:00,"0,64"
08/09/2020 15:00,"0,64"
08/09/2020 14:00,"0,64"
08/09/2020 13:00,"0,64"
08/09/2020 12:00,"0,64"
08/09/2020 11:00,"0,64"
08/09/2020 10:00,"0,64"
04/09/2020 17:00,"0,64"
04/09/2020 16:00,"0,64"
04/09/2020 15:00,"0,64"
04/09/2020 14:00,"0,64"
04/09/2020 13:00,"0,64"
04/09/2020 12:00,"0,64"
04/09/2020 11:00,"0,64"
04/09/2020 10:00,"0,64"
03/09/2020 17:00,"0,64"
03/09/2020 16:00,"0,64"
03/09/2020 15:00,"0,64"
03/09/2020 14:00,"0,64"
03/09/2020 13:00,"0,64"
03/09/2020 12:00,"0,64"
03/09/2020 11:00,"0,64"
03/09/2020 10:00,"0,64"
02/09/2020 17:00,"0,64"
02/09/2020 16:00,"0,64"
02/09/2020 15:00,"0,64"
02/09/2020 14:00,"0,64"
02/09/2020 13:00,"0,64"
02/09/2020 12:00,"0,64"
02/09/2020 11:00,"0,64"
02/09/2020 10:00,"0,64"
01/09/2020 17:00,"0,64"
01/09/2020 16:00,"0,64"
01/09/2020 15:00,"0,64"
01/09/2020 14:00,"0,64"
01/09/2020 13:00,"0,64"
01/09/2020 12:00,"0,64"
01/09/2020 11:00,"0,64"
01/09/2020 10:00,"0,64"
31/08/2020 17:00,"0,24"
31/08/2020 16:00,"0,24"
31/08/2020 15:00,"0,24"
31/08/2020 14:00,"0,24"
31/08/2020 13:00,"0,24"
31/08/2020 12:00,"0,24"
31/08/2020 11:00,"0,24"
31/08/2020 10:00,"0,24"
28/08/2020 17:00,"0,24"
28/08/2020 16:00,"0,24"
28/08/2020 15:00,"0,24"
28/08/2020 14:00,"0,24"
28/08/2020 13:00,"0,24"
28/08/2020 12:00,"0,24"
28/08/2020 11:00,"0,24"
28/08/2020 10:00,"0,24"
27/08/2020 17:00,"0,24"
27/08/2020 16:00,"0,24"
27/08/2020 15:00,"0,24"
27/08/2020 14:00,"0,24"
27/08/2020 13:00,"0,24"
27/08/2020 12:00,"0,24"
27/08/2020 11:00,"0,24"
27/08/2020 10:00,"0,24"
26/08/2020 17:00,"0,24"
26/08/2020 16:00,"0,24"
26/08/2020 15:00,"0,24"
26/08/2020 14:00,"0,24"
26/08/2020 13:00,"0,24"
26/08/2020 12:00,"0,24"
26/08/2020 11:00,"0,24"
26/08/2020 10:00,"0,24"
25/08/2020 17:00,"0,24"
25/08/2020 16:00,"0,24"
25/08/2020 15:00,"0,24"
25/08/2020 14:00,"0,24"
25/08/2020 13:00,"0,24"
25/08/2020 12:00,"0,24"
25/08/2020 11:00,"0,24"
25/08/2020 10:00,"0,24"
24/08/2020 17:00,"0,24"
24/08/2020 16:00,"0,24"
24/08/2020 15:00,"0,24"
24/08/2020 14:00,"0,24"
24/08/2020 13:00,"0,24"
24/08/2020 12:00,"0,24"
24/08/2020 11:00,"0,24"
24/08/2020 10:00,"0,24"
21/08/2020 17:00,"0,24"
21/08/2020 16:00,"0,24"
21/08/2020 15:00,"0,24"
21/08/2020 14:00,"0,24"
21/08/2020 13:00,"0,24"
21/08/2020 12:00,"0,24"
21/08/2020 11:00,"0,24"
21/08/2020 10:00,"0,24"
20/08/2020 17:00,"0,24"
20/08/2020 16:00,"0,24"
20/08/2020 15:00,"0,24"
20/08/2020 14:00,"0,24"
20/08/2020 13:00,"0,24"
20/08/2020 12:00,"0,24"
20/08/2020 11:00,"0,24"
20/08/2020 10:00,"0,24"
19/08/2020 17:00,"0,24"
19/08/2020 16:00,"0,24"
19/08/2020 15:00,"0,24"
19/08/2020 14:00,"0,24"
19/08/2020 13:00,"0,24"
19/08/2020 12:00,"0,24"
19/08/2020 11:00,"0,24"
19/08/2020 10:00,"0,24"
18/08/2020 17:00,"0,24"
18/08/2020 16:00,"0,24"
18/08/2020 15:00,"0,24"
18/08/2020 14:00,"0,24"
18/08/2020 13:00,"0,24"
18/08/2020 12:00,"0,24"
18/08/2020 11:00,"0,24"
18/08/2020 10:00,"0,24"
17/08/2020 17:00,"0,24"
17/08/2020 16:00,"0,24"
17/08/2020 15:00,"0,24"
17/08/2020 14:00,"0,24"
17/08/2020 13:00,"0,24"
17/08/2020 12:00,"0,24"
17/08/2020 11:00,"0,24"
17/08/2020 10:00,"0,24"
14/08/2020 17:00,"0,24"
14/08/2020 16:00,"0,24"
14/08/2020 15:00,"0,24"
14/08/2020 14:00,"0,24"
14/08/2020 13:00,"0,24"
14/08/2020 12:00,"0,24"
14/08/2020 11:00,"0,24"
14/08/2020 10:00,"0,24"
13/08/2020 17:00,"0,24"
13/08/2020 16:00,"0,24"
13/08/2020 15:00,"0,24"
13/08/2020 14:00,"0,24"
13/08/2020 13:00,"0,24"
13/08/2020 12:00,"0,24"
13/08/2020 11:00,"0,24"
13/08/2020 10:00,"0,24"
12/08/2020 17:00,"0,24"
12/08/2020 16:00,"0,24"
12/08/2020 15:00,"0,24"
12/08/2020 14:00,"0,24"
12/08/2020 13:00,"0,24"
12/08/2020 12:00,"0,24"
12/08/2020 11:00,"0,24"
12/08/2020 10:00,"0,24"
11/08/2020 17:00,"0,24"
11/08/2020 16:00,"0,24"
11/08/2020 15:00,"0,24"
11/08/2020 14:00,"0,24"
11/08/2020 13:00,"0,24"
11/08/2020 12:00,"0,24"
11/08/2020 11:00,"0,24"
11/08/2020 10:00,"0,24"
10/08/2020 17:00,"0,24"
10/08/2020 16:00,"0,24"
10/08/2020 15:00,"0,24"
10/08/2020 14:00,"0,24"
10/08/2020 13:00,"0,24"
10/08/2020 12:00,"0,24"
10/08/2020 11:00,"0,24"
10/08/2020 10:00,"0,24"
07/08/2020 17:00,"0,24"
07/08/2020 16:00,"0,24"
07/08/2020 15:00,"0,24"
07/08/2020 14:00,"0,24"
07/08/2020 13:00,"0,24"
07/08/2020 12:00,"0,24"
07/08/2020 11:00,"0,24"
07/08/2020 10:00,"0,24"
06/08/2020 17:00,"0,24"
06/08/2020 16:00,"0,24"
06/08/2020 15:00,"0,24"
06/08/2020 14:00,"0,24"
06/08/2020 13:00,"0,24"
06/08/2020 12:00,"0,24"
06/08/2020 11:00,"0,24"
06/08/2020 10:00,"0,24"
05/08/2020 17:00,"0,24"
05/08/2020 16:00,"0,24"
05/08/2020 15:00,"0,24"
05/08/2020 14:00,"0,24"
05/08/2020 13:00,"0,24"
05/08/2020 12:00,"0,24"
05/08/2020 11:00,"0,24"
05/08/2020 10:00,"0,24"
04/08/2020 17:00,"0,24"
04/08/2020 16:00,"0,24"
04/08/2020 15:00,"0,24"
04/08/2020 14:00,"0,24"
04/08/2020 13:00,"0,24"
04/08/2020 12:00,"0,24"
04/08/2020 11:00,"0,24"
04/08/2020 10:00,"0,24"
03/08/2020 17:00,"0,24"
03/08/2020 16:00,"0,24"
03/08/2020 15:00,"0,24"
03/08/2020 14:00,"0,24"
03/08/2020 13:00,"0,24"
03/08/2020 12:00,"0,24"
03/08/2020 11:00,"0,24"
03/08/2020 10:00,"0,24"
31/07/2020 17:00,"0,36"
31/07/2020 16:00,"0,36"
31/07/2020 15:00,"0,36"
31/07/2020 14:00,"0,36"
31/07/2020 13:00,"0,36"
31/07/2020 12:00,"0,36"
31/07/2020 11:00,"0,36"
31/07/2020 10:00,"0,36"
30/07/2020 17:00,"0,36"
30/07/2020 16:00,"0,36"
30/07/2020 15:00,"0,36"
30/07/2020 14:00,"0,36"
30/07/2020 13:00,"0,36"
30/07/2020 12:00,"0,36"
30/07/2020 11:00,"0,36"
30/07/2020 10:00,"0,36"
29/07/2020 17:00,"0,36"
29/07/2020 16:00,"0,36"
29/07/2020 15:00,"0,36"
29/07/2020 14:00,"0,36"
29/07/2020 13:00,"0,36"
29/07/2020 12:00,"0,36"
29/07/2020 11:00,"0,36"
29/07/2020 10:00,"0,36"
28/07/2020 17:00,"0,36"
28/07/2020 16:00,"0,36"
28/07/2020 15:00,"0,36"
28/07/2020 14:00,"0,36"
28/07/2020 13:00,"0,36"
28/07/2020 12:00,"0,36"
28/07/2020 11:00,"0,36"
28/07/2020 10:00,"0,36"
27/07/2020 17:00,"0,36"
27/07/2020 16:00,"0,36"
27/07/2020 15:00,"0,36"
27/07/2020 14:00,"0,36"
27/07/2020 13:00,"0,36"
27/07/2020 12:00,"0,36"
27/07/2020 11:00,"0,36"
27/07/2020 10:00,"0,36"
24/07/2020 17:00,"0,36"
24/07/2020 16:00,"0,36"
24/07/2020 15:00,"0,36"
24/07/2020 14:00,"0,36"
24/07/2020 13:00,"0,36"
24/07/2020 12:00,"0,36"
24/07/2020 11:00,"0,36"
24/07/2020 10:00,"0,36"
23/07/2020 17:00,"0,36"
23/07/2020 16:00,"0,36"
23/07/2020 15:00,"0,36"
23/07/2020 14:00,"0,36"
23/07/2020 13:00,"0,36"
23/07/2020 12:00,"0,36"
23/07/2020 11:00,"0,36"
23/07/2020 10:00,"0,36"
22/07/2020 17:00,"0,36"
22/07/2020 16:00,"0,36"
22/07/2020 15:00,"0,36"
22/07/2020 14:00,"0,36"
22/07/2020 13:00,"0,36"
22/07/2020 12:00,"0,36"
22/07/2020 11:00,"0,36"
22/07/2020 10:00,"0,36"
21/07/2020 17:00,"0,36"
21/07/2020 16:00,"0,36"
21/07/2020 15:00,"0,36"
21/07/2020 14:00,"0,36"
21/07/2020 13:00,"0,36"
21/07/2020 12:00,"0,36"
21/07/2020 11:00,"0,36"
21/07/2020 10:00,"0,36"
20/07/2020 17:00,"0,36"
20/07/2020 16:00,"0,36"
20/07/2020 15:00,"0,36"
20/07/2020 14:00,"0,36"
20/07/2020 13:00,"0,36"
20/07/2020 12:00,"0,36"
20/07/2020 11:00,"0,36"
20/07/2020 10:00,"0,36"
17/07/2020 17:00,"0,36"
17/07/2020 16:00,"0,36"
17/07/2020 15:00,"0,36"
17/07/2020 14:00,"0,36"
17/07/2020 13:00,"0,36"
17/07/2020 12:00,"0,36"
17/07/2020 11:00,"0,36"
17/07/2020 10:00,"0,36"
16/07/2020 17:00,"0,36"
16/07/2020 16:00,"0,36"
16/07/2020 15:00,"0,36"
16/07/2020 14:00,"0,36"
16/07/2020 13:00,"0,36"
16/07/2020 12:00,"0,36"
16/07/2020 11:00,"0,36"
16/07/2020 10:00,"0,36"
15/07/2020 17:00,"0,36"
15/07/2020 16:00,"0,36"
15/07/2020 15:00,"0,36"
15/07/2020 14:00,"0,36"
15/07/2020 13:00,"0,36"
15/07/2020 12:00,"0,36"
15/07/2020 11:00,"0,36"
15/07/2020 10:00,"0,36"
14/07/2020 17:00,"0,36"
14/07/2020 16:00,"0,36"
14/07/2020 15:00,"0,36"
14/07/2020 14:00,"0,36"
14/07/2020 13:00,"0,36"
14/07/2020 12:00,"0,36"
14/07/2020 11:00,"0,36"
14/07/2020 10:00,"0,36"
13/07/2020 17:00,"0,36"
13/07/2020 16:00,"0,36"
13/07/2020 15:00,"0,36"
13/07/2020 14:00,"0,36"
13/07/2020 13:00,"0,36"
13/07/2020 12:00,"0,36"
13/07/2020 11:00,"0,36"
13/07/2020 10:00,"0,36"
10/07/2020 17:00,"0,36"
10/07/2020 16:00,"0,36"
10/07/2020 15:00,"0,36"
10/07/2020 14:00,"0,36"
10/07/2020 13:00,"0,36"
10/07/2020 12:00,"0,36"
10/07/2020 11:00,"0,36"
10/07/2020 10:00,"0,36"
09/07/2020 17:00,"0,36"
09/07/2020 16:00,"0,36"
09/07/2020 15:00,"0,36"
09/07/2020 14:00,"0,36"
09/07/2020 13:00,"0,36"
09/07/2020 12:00,"0,36"
09/07/2020 11:00,"0,36"
09/07/2020 10:00,"0,36"
08/07/2020 17:00,"0,36"
08/07/2020 16:00,"0,36"
08/07/2020 15:00,"0,36"
08/07/2020 14:00,"0,36"
08/07/2020 13:00,"0,36"
08/07/2020 12:00,"0,36"
08/07/2020 11:00,"0,36"
08/07/2020 10:00,"0,36"
07/07/2020 17:00,"0,36"
07/07/2020 16:00,"0,36"
07/07/2020 15:00,"0,36"
07/07/2020 14:00,"0,36"
07/07/2020 13:00,"0,36"
07/07/2020 12:00,"0,36"
07/07/2020 11:00,"0,36"
07/07/2020 10:00,"0,36"
06/07/2020 17:00,"0,36"
06/07/2020 16:00,"0,36"
06/07/2020 15:00,"0,36"
06/07/2020 14:00,"0,36"
06/07/2020 13:00,"0,36"
06/07/2020 12:00,"0,36"
06/07/2020 11:00,"0,36"
06/07/2020 10:00,"0,36"
03/07/2020 17:00,"0,36"
03/07/2020 16:00,"0,36"
03/07/2020 15:00,"0,36"
03/07/2020 14:00,"0,36"
03/07/2020 13:00,"0,36"
03/07/2020 12:00,"0,36"
03/07/2020 11:00,"0,36"
03/07/2020 10:00,"0,36"
02/07/2020 17:00,"0,36"
02/07/2020 16:00,"0,36"
02/07/2020 15:00,"0,36"
02/07/2020 14:00,"0,36"
02/07/2020 13:00,"0,36"
02/07/2020 12:00,"0,36"
02/07/2020 11:00,"0,36"
02/07/2020 10:00,"0,36"
01/07/2020 17:00,"0,36"
01/07/2020 16:00,"0,36"
01/07/2020 15:00,"0,36"
01/07/2020 14:00,"0,36"
01/07/2020 13:00,"0,36"
01/07/2020 12:00,"0,36"
01/07/2020 11:00,"0,36"
01/07/2020 10:00,"0,36"
30/06/2020 17:00,"0,26"
30/06/2020 16:00,"0,26"
30/06/2020 15:00,"0,26"
30/06/2020 14:00,"0,26"
30/06/2020 13:00,"0,26"
30/06/2020 12:00,"0,26"
30/06/2020 11:00,"0,26"
30/06/2020 10:00,"0,26"
29/06/2020 17:00,"0,26"
29/06/2020 16:00,"0,26"
29/06/2020 15:00,"0,26"
29/06/2020 14:00,"0,26"
29/06/2020 13:00,"0,26"
29/06/2020 12:00,"0,26"
29/06/2020 11:00,"0,26"
29/06/2020 10:00,"0,26"
26/06/2020 17:00,"0,26"
26/06/2020 16:00,"0,26"
26/06/2020 15:00,"0,26"
26/06/2020 14:00,"0,26"
26/06/2020 13:00,"0,26"
26/06/2020 12:00,"0,26"
26/06/2020 11:00,"0,26"
26/06/2020 10:00,"0,26"
25/06/2020 17:00,"0,26"
25/06/2020 16:00,"0,26"
25/06/2020 15:00,"0,26"
25/06/2020 14:00,"0,26"
25/06/2020 13:00,"0,26"
25/06/2020 12:00,"0,26"
25/06/2020 11:00,"0,26"
25/06/2020 10:00,"0,26"
24/06/2020 17:00,"0,26"
24/06/2020 16:00,"0,26"
24/06/2020 15:00,"0,26"
24/06/2020 14:00,"0,26"
24/06/2020 13:00,"0,26"
24/06/2020 12:00,"0,26"
24/06/2020 11:00,"0,26"
24/06/2020 10:00,"0,26"
23/06/2020 17:00,"0,26"
23/06/2020 16:00,"0,26"
23/06/2020 15:00,"0,26"
23/06/2020 14:00,"0,26"
23/06/2020 13:00,"0,26"
23/06/2020 12:00,"0,26"
23/06/2020 11:00,"0,26"
23/06/2020 10:00,"0,26"
22/06/2020 17:00,"0,26"
22/06/2020 16:00,"0,26"
22/06/2020 15:00,"0,26"
22/06/2020 14:00,"0,26"
22/06/2020 13:00,"0,26"
22/06/2020 12:00,"0,26"
22/06/2020 11:00,"0,26"
22/06/2020 10:00,"0,26"
19/06/2020 17:00,"0,26"
19/06/2020 16:00,"0,26"
19/06/2020 15:00,"0,26"
19/06/2020 14:00,"0,26"
19/06/2020 13:00,"0,26"
19/06/2020 12:00,"0,26"
19/06/2020 11:00,"0,26"
19/06/2020 10:00,"0,26"
18/06/2020 17:00,"0,26"
18/06/2020 16:00,"0,26"
18/06/2020 15:00,"0,26"
18/06/2020 14:00,"0,26"
18/06/2020 13:00,"0,26"
18/06/2020 12:00,"0,26"
18/06/2020 11:00,"0,26"
18/06/2020 10:00,"0,26"
17/06/2020 17:00,"0,26"
17/06/2020 16:00,"0,26"
17/06/2020 15:00,"0,26"
17/06/2020 14:00,"0,26"
17/06/2020 13:00,"0,26"
17/06/2020 12:00,"0,26"
17/06/2020 11:00,"0,26"
17/06/2020 10:00,"0,26"
16/06/2020 17:00,"0,26"
16/06/2020 16:00,"0,26"
16/06/2020 15:00,"0,26"
16/06/2020 14:00,"0,26"
16/06/2020 13:00,"0,26"
16/06/2020 12:00,"0,26"
16/06/2020 11:00,"0,26"
16/06/2020 10:00,"0,26"
15/06/2020 17:00,"0,26"
15/06/2020 16:00,"0,26"
15/06/2020 15:00,"0,26"
15/06/2020 14:00,"0,26"
15/06/2020 13:00,"0,26"
15/06/2020 12:00,"0,26"
15/06/2020 11:00,"0,26"
15/06/2020 10:00,"0,26"
12/06/2020 17:00,"0,26"
12/06/2020 16:00,"0,26"
12/06/2020 15:00,"0,26"
12/06/2020 14:00,"0,26"
12/06/2020 13:00,"0,26"
12/06/2020 12:00,"0,26"
12/06/2020 11:00,"0,26"
12/06/2020 10:00,"0,26"
10/06/2020 17:00,"0,26"
10/06/2020 16:00,"0,26"
10/06/2020 15:00,"0,26"
10/06/2020 14:00,"0,26"
10/06/2020 13:00,"0,26"
10/06/2020 12:00,"0,26"
10/06/2020 11:00,"0,26"
10/06/2020 10:00,"0,26"
09/06/2020 17:00,"0,26"
09/06/2020 16:00,"0,26"
09/06/2020 15:00,"0,26"
09/06/2020 14:00,"0,26"
09/06/2020 13:00,"0,26"
09/06/2020 12:00,"0,26"
09/06/2020 11:00,"0,26"
09/06/2020 10:00,"0,26"
08/06/2020 17:00,"0,26"
08/06/2020 16:00,"0,26"
08/06/2020 15:00,"0,26"
08/06/2020 14:00,"0,26"
08/06/2020 13:00,"0,26"
08/06/2020 12:00,"0,26"
08/06/2020 11:00,"0,26"
08/06/2020 10:00,"0,26"
05/06/2020 17:00,"0,26"
05/06/2020 16:00,"0,26"
05/06/2020 15:00,"0,26"
05/06/2020 14:00,"0,26"
05/06/2020 13:00,"0,26"
05/06/2020 12:00,"0,26"
05/06/2020 11:00,"0,26"
05/06/2020 10:00,"0,26"
04/06/2020 17:00,"0,26"
04/06/2020 16:00,"0,26"
04/06/2020 15:00,"0,26"
04/06/2020 14:00,"0,26"
04/06/2020 13:00,"0,26"
04/06/2020 12:00,"0,26"
04/06/2020 11:00,"0,26"
04/06/2020 10:00,"0,26"
03/06/2020 17:00,"0,26"
03/06/2020 16:00,"0,26"
03/06/2020 15:00,"0,26"
03/06/2020 14:00,"0,26"
03/06/2020 13:00,"0,26"
03/06/2020 12:00,"0,26"
03/06/2020 11:00,"0,26"
03/06/2020 10:00,"0,26"
02/06/2020 17:00,"0,26"
02/06/2020 16:00,"0,26"
02/06/2020 15:00,"0,26"
02/06/2020 14:00,"0,26"
02/06/2020 13:00,"0,26"
02/06/2020 12:00,"0,26"
02/06/2020 11:00,"0,26"
02/06/2020 10:00,"0,26"
01/06/2020 17:00,"0,26"
01/06/2020 16:00,"0,26"
01/06/2020 15:00,"0,26"
01/06/2020 14:00,"0,26"
01/06/2020 13:00,"0,26"
01/06/2020 12:00,"0,26"
01/06/2020 11:00,"0,26"
01/06/2020 10:00,"0,26"
29/05/2020 17:00,"-0,38"
29/05/2020 16:00,"-0,38"
29/05/2020 15:00,"-0,38"
29/05/2020 14:00,"-0,38"
29/05/2020 13:00,"-0,38"
29/05/2020 12:00,"-0,38"
29/05/2020 11:00,"-0,38"
29/05/2020 10:00,"-0,38"
28/05/2020 17:00,"-0,38"
28/05/2020 16:00,"-0,38"
28/05/2020 15:00,"-0,38"
28/05/2020 14:00,"-0,38"
28/05/2020 13:00,"-0,38"
28/05/2020 12:00,"-0,38"
28/05/2020 11:00,"-0,38"
28/05/2020 10:00,"-0,38"
27/05/2020 17:00,"-0,38"
27/05/2020 16:00,"-0,38"
27/05/2020 15:00,"-0,38"
27/05/2020 14:00,"-0,38"
27/05/2020 13:00,"-0,38"
27/05/2020 12:00,"-0,38"
27/05/2020 11:00,"-0,38"
27/05/2020 10:00,"-0,38"
26/05/2020 17:00,"-0,38"
26/05/2020 16:00,"-0,38"
26/05/2020 15:00,"-0,38"
26/05/2020 14:00,"-0,38"
26/05/2020 13:00,"-0,38"
26/05/2020 12:00,"-0,38"
26/05/2020 11:00,"-0,38"
26/05/2020 10:00,"-0,38"
25/05/2020 17:00,"-0,38"
25/05/2020 16:00,"-0,38"
25/05/2020 15:00,"-0,38"
25/05/2020 14:00,"-0,38"
25/05/2020 13:00,"-0,38"
25/05/2020 12:00,"-0,38"
25/05/2020 11:00,"-0,38"
25/05/2020 10:00,"-0,38"
22/05/2020 17:00,"-0,38"
22/05/2020 16:00,"-0,38"
22/05/2020 15:00,"-0,38"
22/05/2020 14:00,"-0,38"
22/05/2020 13:00,"-0,38"
22/05/2020 12:00,"-0,38"
22/05/2020 11:00,"-0,38"
22/05/2020 10:00,"-0,38"
21/05/2020 17:00,"-0,38"
21/05/2020 16:00,"-0,38"
21/05/2020 15:00,"-0,38"
21/05/2020 14:00,"-0,38"
21/05/2020 13:00,"-0,38"
21/05/2020 12:00,"-0,38"
21/05/2020 11:00,"-0,38"
21/05/2020 10:00,"-0,38"
20/05/2020 17:00,"-0,38"
20/05/2020 16:00,"-0,38"
20/05/2020 15:00,"-0,38"
20/05/2020 14:00,"-0,38"
20/05/2020 13:00,"-0,38"
20/05/2020 12:00,"-0,38"
20/05/2020 11:00,"-0,38"
20/05/2020 10:00,"-0,38"
19/05/2020 17:00,"-0,38"
19/05/2020 16:00,"-0,38"
19/05/2020 15:00,"-0,38"
19/05/2020 14:00,"-0,38"
19/05/2020 13:00,"-0,38"
19/05/2020 12:00,"-0,38"
19/05/2020 11:00,"-0,38"
19/05/2020 10:00,"-0,38"
18/05/2020 17:00,"-0,38"
18/05/2020 16:00,"-0,38"
18/05/2020 15:00,"-0,38"
18/05/2020 14:00,"-0,38"
18/05/2020 13:00,"-0,38"
18/05/2020 12:00,"-0,38"
18/05/2020 11:00,"-0,38"
18/05/2020 10:00,"-0,38"
15/05/2020 17:00,"-0,38"
15/05/2020 16:00,"-0,38"
15/05/2020 15:00,"-0,38"
15/05/2020 14:00,"-0,38"
15/05/2020 13:00,"-0,38"
15/05/2020 12:00,"-0,38"
15/05/2020 11:00,"-0,38"
15/05/2020 10:00,"-0,38"
14/05/2020 17:00,"-0,38"
14/05/2020 16:00,"-0,38"
14/05/2020 15:00,"-0,38"
14/05/2020 14:00,"-0,38"
14/05/2020 13:00,"-0,38"
14/05/2020 12:00,"-0,38"
14/05/2020 11:00,"-0,38"
14/05/2020 10:00,"-0,38"
13/05/2020 17:00,"-0,38"
13/05/2020 16:00,"-0,38"
13/05/2020 15:00,"-0,38"
13/05/2020 14:00,"-0,38"
13/05/2020 13:00,"-0,38"
13/05/2020 12:00,"-0,38"
13/05/2020 11:00,"-0,38"
13/05/2020 10:00,"-0,38"
12/05/2020 17:00,"-0,38"
12/05/2020 16:00,"-0,38"
12/05/2020 15:00,"-0,38"
12/05/2020 14:00,"-0,38"
12/05/2020 13:00,"-0,38"
12/05/2020 12:00,"-0,38"
12/05/2020 11:00,"-0,38"
12/05/2020 10:00,"-0,38"
11/05/2020 17:00,"-0,38"
11/05/2020 16:00,"-0,38"
11/05/2020 15:00,"-0,38"
11/05/2020 14:00,"-0,38"
11/05/2020 13:00,"-0,38"
11/05/2020 12:00,"-0,38"
11/05/2020 11:00,"-0,38"
11/05/2020 10:00,"-0,38"
08/05/2020 17:00,"-0,38"
08/05/2020 16:00,"-0,38"
08/05/2020 15:00,"-0,38"
08/05/2020 14:00,"-0,38"
08/05/2020 13:00,"-0,38"
08/05/2020 12:00,"-0,38"
08/05/2020 11:00,"-0,38"
08/05/2020 10:00,"-0,38"
07/05/2020 17:00,"-0,38"
07/05/2020 16:00,"-0,38"
07/05/2020 15:00,"-0,38"
07/05/2020 14:00,"-0,38"
07/05/2020 13:00,"-0,38"
07/05/2020 12:00,"-0,38"
07/05/2020 11:00,"-0,38"
07/05/2020 10:00,"-0,38"
06/05/2020 17:00,"-0,38"
06/05/2020 16:00,"-0,38"
06/05/2020 15:00,"-0,38"
06/05/2020 14:00,"-0,38"
06/05/2020 13:00,"-0,38"
06/05/2020 12:00,"-0,38"
06/05/2020 11:00,"-0,38"
06/05/2020 10:00,"-0,38"
05/05/2020 17:00,"-0,38"
05/05/2020 16:00,"-0,38"
05/05/2020 15:00,"-0,38"
05/05/2020 14:00,"-0,38"
05/05/2020 13:00,"-0,38"
05/05/2020 12:00,"-0,38"
05/05/2020 11:00,"-0,38"
05/05/2020 10:00,"-0,38"
04/05/2020 17:00,"-0,38"
04/05/2020 16:00,"-0,38"
04/05/2020 15:00,"-0,38"
04/05/2020 14:00,"-0,38"
04/05/2020 13:00,"-0,38"
04/05/2020 12:00,"-0,38"
04/05/2020 11:00,"-0,38"
04/05/2020 10:00,"-0,38"
30/04/2020 17:00,"-0,31"
30/04/2020 16:00,"-0,31"
30/04/2020 15:00,"-0,31"
30/04/2020 14:00,"-0,31"
30/04/2020 13:00,"-0,31"
30/04/2020 12:00,"-0,31"
30/04/2020 11:00,"-0,31"
30/04/2020 10:00,"-0,31"
29/04/2020 17:00,"-0,31"
29/04/2020 16:00,"-0,31"
29/04/2020 15:00,"-0,31"
29/04/2020 14:00,"-0,31"
29/04/2020 13:00,"-0,31"
29/04/2020 12:00,"-0,31"
29/04/2020 11:00,"-0,31"
29/04/2020 10:00,"-0,31"
28/04/2020 17:00,"-0,31"
28/04/2020 16:00,"-0,31"
28/04/2020 15:00,"-0,31"
28/04/2020 14:00,"-0,31"
28/04/2020 13:00,"-0,31"
28/04/2020 12:00,"-0,31"
28/04/2020 11:00,"-0,31"
28/04/2020 10:00,"-0,31"
27/04/2020 17:00,"-0,31"
27/04/2020 16:00,"-0,31"
27/04/2020 15:00,"-0,31"
27/04/2020 14:00,"-0,31"
27/04/2020 13:00,"-0,31"
27/04/2020 12:00,"-0,31"
27/04/2020 11:00,"-0,31"
27/04/2020 10:00,"-0,31"
24/04/2020 17:00,"-0,31"
24/04/2020 16:00,"-0,31"
24/04/2020 15:00,"-0,31"
24/04/2020 14:00,"-0,31"
24/04/2020 13:00,"-0,31"
24/04/2020 12:00,"-0,31"
24/04/2020 11:00,"-0,31"
24/04/2020 10:00,"-0,31"
23/04/2020 17:00,"-0,31"
23/04/2020 16:00,"-0,31"
23/04/2020 15:00,"-0,31"
23/04/2020 14:00,"-0,31"
23/04/2020 13:00,"-0,31"
23/04/2020 12:00,"-0,31"
23/04/2020 11:00,"-0,31"
23/04/2020 10:00,"-0,31"
22/04/2020 17:00,"-0,31"
22/04/2020 16:00,"-0,31"
22/04/2020 15:00,"-0,31"
22/04/2020 14:00,"-0,31"
22/04/2020 13:00,"-0,31"
22/04/2020 12:00,"-0,31"
22/04/2020 11:00,"-0,31"
22/04/2020 10:00,"-0,31"
20/04/2020 17:00,"-0,31"
20/04/2020 16:00,"-0,31"
20/04/2020 15:00,"-0,31"
20/04/2020 14:00,"-0,31"
20/04/2020 13:00,"-0,31"
20/04/2020 12:00,"-0,31"
20/04/2020 11:00,"-0,31"
20/04/2020 10:00,"-0,31"
17/04/2020 17:00,"-0,31"
17/04/2020 16:00,"-0,31"
17/04/2020 15:00,"-0,31"
17/04/2020 14:00,"-0,31"
17/04/2020 13:00,"-0,31"
17/04/2020 12:00,"-0,31"
17/04/2020 11:00,"-0,31"
17/04/2020 10:00,"-0,31"
16/04/2020 17:00,"-0,31"
16/04/2020 16:00,"-0,31"
16/04/2020 15:00,"-0,31"
16/04/2020 14:00,"-0,31"
16/04/2020 13:00,"-0,31"
16/04/2020 12:00,"-0,31"
16/04/2020 11:00,"-0,31"
16/04/2020 10:00,"-0,31"
15/04/2020 17:00,"-0,31"
15/04/2020 16:00,"-0,31"
15/04/2020 15:00,"-0,31"
15/04/2020 14:00,"-0,31"
15/04/2020 13:00,"-0,31"
15/04/2020 12:00,"-0,31"
15/04/2020 11:00,"-0,31"
15/04/2020 10:00,"-0,31"
14/04/2020 17:00,"-0,31"
14/04/2020 16:00,"-0,31"
14/04/2020 15:00,"-0,31"
14/04/2020 14:00,"-0,31"
14/04/2020 13:00,"-0,31"
14/04/2020 12:00,"-0,31"
14/04/2020 11:00,"-0,31"
14/04/2020 10:00,"-0,31"
13/04/2020 17:00,"-0,31"
13/04/2020 16:00,"-0,31"
13/04/2020 15:00,"-0,31"
13/04/2020 14:00,"-0,31"
13/04/2020 13:00,"-0,31"
13/04/2020 12:00,"-0,31"
13/04/2020 11:00,"-0,31"
13/04/2020 10:00,"-0,31"
09/04/2020 17:00,"-0,31"
09/04/2020 16:00,"-0,31"
09/04/2020 15:00,"-0,31"
09/04/2020 14:00,"-0,31"
09/04/2020 13:00,"-0,31"
09/04/2020 12:00,"-0,31"
09/04/2020 11:00,"-0,31"
09/04/2020 10:00,"-0,31"
08/04/2020 17:00,"-0,31"
08/04/2020 16:00,"-0,31"
08/04/2020 15:00,"-0,31"
08/04/2020 14:00,"-0,31"
08/04/2020 13:00,"-0,31"
08/04/2020 12:00,"-0,31"
08/04/2020 11:00,"-0,31"
08/04/2020 10:00,"-0,31"
07/04/2020 17:00,"-0,31"
07/04/2020 16:00,"-0,31"
07/04/2020 15:00,"-0,31"
07/04/2020 14:00,"-0,31"
07/04/2020 13:00,"-0,31"
07/04/2020 12:00,"-0,31"
07/04/2020 11:00,"-0,31"
07/04/2020 10:00,"-0,31"
06/04/2020 17:00,"-0,31"
06/04/2020 16:00,"-0,31"
06/04/2020 15:00,"-0,31"
06/04/2020 14:00,"-0,31"
06/04/2020 13:00,"-0,31"
06/04/2020 12:00,"-0,31"
06/04/2020 11:00,"-0,31"
06/04/2020 10:00,"-0,31"
03/04/2020 17:00,"-0,31"
03/04/2020 16:00,"-0,31"
03/04/2020 15:00,"-0,31"
03/04/2020 14:00,"-0,31"
03/04/2020 13:00,"-0,31"
03/04/2020 12:00,"-0,31"
03/04/2020 11:00,"-0,31"
03/04/2020 10:00,"-0,31"
02/04/2020 17:00,"-0,31"
02/04/2020 16:00,"-0,31"
02/04/2020 15:00,"-0,31"
02/04/2020 14:00,"-0,31"
02/04/2020 13:00,"-0,31"
02/04/2020 12:00,"-0,31"
02/04/2020 11:00,"-0,31"
02/04/2020 10:00,"-0,31"
01/04/2020 17:00,"-0,31"
01/04/2020 16:00,"-0,31"
01/04/2020 15:00,"-0,31"
01/04/2020 14:00,"-0,31"
01/04/2020 13:00,"-0,31"
01/04/2020 12:00,"-0,31"
01/04/2020 11:00,"-0,31"
01/04/2020 10:00,"-0,31"
31/03/2020 17:00,"0,07"
31/03/2020 16:00,"0,07"
31/03/2020 15:00,"0,07"
31/03/2020 14:00,"0,07"
31/03/2020 13:00,"0,07"
31/03/2020 12:00,"0,07"
31/03/2020 11:00,"0,07"
31/03/2020 10:00,"0,07"
30/03/2020 17:00,"0,07"
30/03/2020 16:00,"0,07"
30/03/2020 15:00,"0,07"
30/03/2020 14:00,"0,07"
30/03/2020 13:00,"0,07"
30/03/2020 12:00,"0,07"
30/03/2020 11:00,"0,07"
30/03/2020 10:00,"0,07"
27/03/2020 17:00,"0,07"
27/03/2020 16:00,"0,07"
27/03/2020 15:00,"0,07"
27/03/2020 14:00,"0,07"
27/03/2020 13:00,"0,07"
27/03/2020 12:00,"0,07"
27/03/2020 11:00,"0,07"
27/03/2020 10:00,"0,07"
26/03/2020 17:00,"0,07"
26/03/2020 16:00,"0,07"
26/03/2020 15:00,"0,07"
26/03/2020 14:00,"0,07"
26/03/2020 13:00,"0,07"
26/03/2020 12:00,"0,07"
26/03/2020 11:00,"0,07"
26/03/2020 10:00,"0,07"
25/03/2020 17:00,"0,07"
25/03/2020 16:00,"0,07"
25/03/2020 15:00,"0,07"
25/03/2020 14:00,"0,07"
25/03/2020 13:00,"0,07"
25/03/2020 12:00,"0,07"
25/03/2020 11:00,"0,07"
25/03/2020 10:00,"0,07"
24/03/2020 17:00,"0,07"
24/03/2020 16:00,"0,07"
24/03/2020 15:00,"0,07"
24/03/2020 14:00,"0,07"
24/03/2020 13:00,"0,07"
24/03/2020 12:00,"0,07"
24/03/2020 11:00,"0,07"
24/03/2020 10:00,"0,07"
23/03/2020 17:00,"0,07"
23/03/2020 16:00,"0,07"
23/03/2020 15:00,"0,07"
23/03/2020 14:00,"0,07"
23/03/2020 13:00,"0,07"
23/03/2020 12:00,"0,07"
23/03/2020 11:00,"0,07"
23/03/2020 10:00,"0,07"
20/03/2020 17:00,"0,07"
20/03/2020 16:00,"0,07"
20/03/2020 15:00,"0,07"
20/03/2020 14:00,"0,07"
20/03/2020 13:00,"0,07"
20/03/2020 12:00,"0,07"
20/03/2020 11:00,"0,07"
20/03/2020 10:00,"0,07"
19/03/2020 17:00,"0,07"
19/03/2020 16:00,"0,07"
19/03/2020 15:00,"0,07"
19/03/2020 14:00,"0,07"
19/03/2020 13:00,"0,07"
19/03/2020 12:00,"0,07"
19/03/2020 11:00,"0,07"
19/03/2020 10:00,"0,07"
18/03/2020 17:00,"0,07"
18/03/2020 16:00,"0,07"
18/03/2020 15:00,"0,07"
18/03/2020 14:00,"0,07"
18/03/2020 13:00,"0,07"
18/03/2020 12:00,"0,07"
18/03/2020 11:00,"0,07"
18/03/2020 10:00,"0,07"
17/03/2020 17:00,"0,07"
17/03/2020 16:00,"0,07"
17/03/2020 15:00,"0,07"
17/03/2020 14:00,"0,07"
17/03/2020 13:00,"0,07"
17/03/2020 12:00,"0,07"
17/03/2020 11:00,"0,07"
17/03/2020 10:00,"0,07"
16/03/2020 17:00,"0,07"
16/03/2020 16:00,"0,07"
16/03/2020 15:00,"0,07"
16/03/2020 14:00,"0,07"
16/03/2020 13:00,"0,07"
16/03/2020 12:00,"0,07"
16/03/2020 11:00,"0,07"
16/03/2020 10:00,"0,07"
13/03/2020 17:00,"0,07"
13/03/2020 16:00,"0,07"
13/03/2020 15:00,"0,07"
13/03/2020 14:00,"0,07"
13/03/2020 13:00,"0,07"
13/03/2020 12:00,"0,07"
13/03/2020 11:00,"0,07"
13/03/2020 10:00,"0,07"
12/03/2020 17:00,"0,07"
12/03/2020 16:00,"0,07"
12/03/2020 15:00,"0,07"
12/03/2020 14:00,"0,07"
12/03/2020 13:00,"0,07"
12/03/2020 12:00,"0,07"
12/03/2020 11:00,"0,07"
12/03/2020 10:00,"0,07"
11/03/2020 17:00,"0,07"
11/03/2020 16:00,"0,07"
11/03/2020 15:00,"0,07"
11/03/2020 14:00,"0,07"
11/03/2020 13:00,"0,07"
11/03/2020 12:00,"0,07"
11/03/2020 11:00,"0,07"
11/03/2020 10:00,"0,07"
10/03/2020 17:00,"0,07"
10/03/2020 16:00,"0,07"
10/03/2020 15:00,"0,07"
10/03/2020 14:00,"0,07"
10/03/2020 13:00,"0,07"
10/03/2020 12:00,"0,07"
10/03/2020 11:00,"0,07"
10/03/2020 10:00,"0,07"
09/03/2020 17:00,"0,07"
09/03/2020 16:00,"0,07"
09/03/2020 15:00,"0,07"
09/03/2020 14:00,"0,07"
09/03/2020 13:00,"0,07"
09/03/2020 12:00,"0,07"
09/03/2020 11:00,"0,07"
09/03/2020 10:00,"0,07"
06/03/2020 17:00,"0,07"
06/03/2020 16:00,"0,07"
06/03/2020 15:00,"0,07"
06/03/2020 14:00,"0,07"
06/03/2020 13:00,"0,07"
06/03/2020 12:00,"0,07"
06/03/2020 11:00,"0,07"
06/03/2020 10:00,"0,07"
05/03/2020 17:00,"0,07"
05/03/2020 16:00,"0,07"
05/03/2020 15:00,"0,07"
05/03/2020 14:00,"0,07"
05/03/2020 13:00,"0,07"
05/03/2020 12:00,"0,07"
05/03/2020 11:00,"0,07"
05/03/2020 10:00,"0,07"
04/03/2020 17:00,"0,07"
04/03/2020 16:00,"0,07"
04/03/2020 15:00,"0,07"
04/03/2020 14:00,"0,07"
04/03/2020 13:00,"0,07"
04/03/2020 12:00,"0,07"
04/03/2020 11:00,"0,07"
04/03/2020 10:00,"0,07"
03/03/2020 17:00,"0,07"
03/03/2020 16:00,"0,07"
03/03/2020 15:00,"0,07"
03/03/2020 14:00,"0,07"
03/03/2020 13:00,"0,07"
03/03/2020 12:00,"0,07"
03/03/2020 11:00,"0,07"
03/03/2020 10:00,"0,07"
02/03/2020 17:00,"0,07"
02/03/2020 16:00,"0,07"
02/03/2020 15:00,"0,07"
02/03/2020 14:00,"0,07"
02/03/2020 13:00,"0,07"
02/03/2020 12:00,"0,07"
02/03/2020 11:00,"0,07"
02/03/2020 10:00,"0,07"
28/02/2020 17:00,"0,25"
28/02/2020 16:00,"0,25"
28/02/2020 15:00,"0,25"
28/02/2020 14:00,"0,25"
28/02/2020 13:00,"0,25"
28/02/2020 12:00,"0,25"
28/02/2020 11:00,"0,25"
28/02/2020 10:00,"0,25"
27/02/2020 17:00,"0,25"
27/02/2020 16:00,"0,25"
27/02/2020 15:00,"0,25"
27/02/2020 14:00,"0,25"
27/02/2020 13:00,"0,25"
27/02/2020 12:00,"0,25"
27/02/2020 11:00,"0,25"
27/02/2020 10:00,"0,25"
26/02/2020 17:00,"0,25"
26/02/2020 16:00,"0,25"
26/02/2020 15:00,"0,25"
26/02/2020 14:00,"0,25"
26/02/2020 13:00,"0,25"
26/02/2020 12:00,"0,25"
21/02/2020 17:00,"0,25"
21/02/2020 16:00,"0,25"
21/02/2020 15:00,"0,25"
21/02/2020 14:00,"0,25"
21/02/2020 13:00,"0,25"
21/02/2020 12:00,"0,25"
21/02/2020 11:00,"0,25"
21/02/2020 10:00,"0,25"
20/02/2020 17:00,"0,25"
20/02/2020 16:00,"0,25"
20/02/2020 15:00,"0,25"
20/02/2020 14:00,"0,25"
20/02/2020 13:00,"0,25"
20/02/2020 12:00,"0,25"
20/02/2020 11:00,"0,25"
20/02/2020 10:00,"0,25"
19/02/2020 17:00,"0,25"
19/02/2020 16:00,"0,25"
19/02/2020 15:00,"0,25"
19/02/2020 14:00,"0,25"
19/02/2020 13:00,"0,25"
19/02/2020 12:00,"0,25"
19/02/2020 11:00,"0,25"
19/02/2020 10:00,"0,25"
18/02/2020 17:00,"0,25"
18/02/2020 16:00,"0,25"
18/02/2020 15:00,"0,25"
18/02/2020 14:00,"0,25"
18/02/2020 13:00,"0,25"
18/02/2020 12:00,"0,25"
18/02/2020 11:00,"0,25"
18/02/2020 10:00,"0,25"
17/02/2020 17:00,"0,25"
17/02/2020 16:00,"0,25"
17/02/2020 15:00,"0,25"
17/02/2020 14:00,"0,25"
17/02/2020 13:00,"0,25"
17/02/2020 12:00,"0,25"
17/02/2020 11:00,"0,25"
17/02/2020 10:00,"0,25"
14/02/2020 17:00,"0,25"
14/02/2020 16:00,"0,25"
14/02/2020 15:00,"0,25"
14/02/2020 14:00,"0,25"
14/02/2020 13:00,"0,25"
14/02/2020 12:00,"0,25"
14/02/2020 11:00,"0,25"
14/02/2020 10:00,"0,25"
13/02/2020 17:00,"0,25"
13/02/2020 16:00,"0,25"
13/02/2020 15:00,"0,25"
13/02/2020 14:00,"0,25"
13/02/2020 13:00,"0,25"
13/02/2020 12:00,"0,25"
13/02/2020 11:00,"0,25"
13/02/2020 10:00,"0,25"
12/02/2020 17:00,"0,25"
12/02/2020 16:00,"0,25"
12/02/2020 15:00,"0,25"
12/02/2020 14:00,"0,25"
12/02/2020 13:00,"0,25"
12/02/2020 12:00,"0,25"
12/02/2020 11:00,"0,25"
12/02/2020 10:00,"0,25"
11/02/2020 17:00,"0,25"
11/02/2020 16:00,"0,25"
11/02/2020 15:00,"0,25"
11/02/2020 14:00,"0,25"
11/02/2020 13:00,"0,25"
11/02/2020 12:00,"0,25"
11/02/2020 11:00,"0,25"
11/02/2020 10:00,"0,25"
10/02/2020 17:00,"0,25"
10/02/2020 16:00,"0,25"
10/02/2020 15:00,"0,25"
10/02/2020 14:00,"0,25"
10/02/2020 13:00,"0,25"
10/02/2020 12:00,"0,25"
10/02/2020 11:00,"0,25"
10/02/2020 10:00,"0,25"
07/02/2020 17:00,"0,25"
07/02/2020 16:00,"0,25"
07/02/2020 15:00,"0,25"
07/02/2020 14:00,"0,25"
07/02/2020 13:00,"0,25"
07/02/2020 12:00,"0,25"
07/02/2020 11:00,"0,25"
07/02/2020 10:00,"0,25"
06/02/2020 17:00,"0,25"
06/02/2020 16:00,"0,25"
06/02/2020 15:00,"0,25"
06/02/2020 14:00,"0,25"
06/02/2020 13:00,"0,25"
06/02/2020 12:00,"0,25"
06/02/2020 11:00,"0,25"
06/02/2020 10:00,"0,25"
05/02/2020 17:00,"0,25"
05/02/2020 16:00,"0,25"
05/02/2020 15:00,"0,25"
05/02/2020 14:00,"0,25"
05/02/2020 13:00,"0,25"
05/02/2020 12:00,"0,25"
05/02/2020 11:00,"0,25"
05/02/2020 10:00,"0,25"
04/02/2020 17:00,"0,25"
04/02/2020 16:00,"0,25"
04/02/2020 15:00,"0,25"
04/02/2020 14:00,"0,25"
04/02/2020 13:00,"0,25"
04/02/2020 12:00,"0,25"
04/02/2020 11:00,"0,25"
04/02/2020 10:00,"0,25"
03/02/2020 17:00,"0,25"
03/02/2020 16:00,"0,25"
03/02/2020 15:00,"0,25"
03/02/2020 14:00,"0,25"
03/02/2020 13:00,"0,25"
03/02/2020 12:00,"0,25"
03/02/2020 11:00,"0,25"
03/02/2020 10:00,"0,25"
31/01/2020 17:00,"0,21"
31/01/2020 16:00,"0,21"
31/01/2020 15:00,"0,21"
31/01/2020 14:00,"0,21"
31/01/2020 13:00,"0,21"
31/01/2020 12:00,"0,21"
31/01/2020 11:00,"0,21"
31/01/2020 10:00,"0,21"
30/01/2020 17:00,"0,21"
30/01/2020 16:00,"0,21"
30/01/2020 15:00,"0,21"
30/01/2020 14:00,"0,21"
30/01/2020 13:00,"0,21"
30/01/2020 12:00,"0,21"
30/01/2020 11:00,"0,21"
30/01/2020 10:00,"0,21"
29/01/2020 17:00,"0,21"
29/01/2020 16:00,"0,21"
29/01/2020 15:00,"0,21"
29/01/2020 14:00,"0,21"
29/01/2020 13:00,"0,21"
29/01/2020 12:00,"0,21"
29/01/2020 11:00,"0,21"
29/01/2020 10:00,"0,21"
28/01/2020 17:00,"0,21"
28/01/2020 16:00,"0,21"
28/01/2020 15:00,"0,21"
28/01/2020 14:00,"0,21"
28/01/2020 13:00,"0,21"
28/01/2020 12:00,"0,21"
28/01/2020 11:00,"0,21"
28/01/2020 10:00,"0,21"
27/01/2020 17:00,"0,21"
27/01/2020 16:00,"0,21"
27/01/2020 15:00,"0,21"
27/01/2020 14:00,"0,21"
27/01/2020 13:00,"0,21"
27/01/2020 12:00,"0,21"
27/01/2020 11:00,"0,21"
27/01/2020 10:00,"0,21"
24/01/2020 17:00,"0,21"
24/01/2020 16:00,"0,21"
24/01/2020 15:00,"0,21"
24/01/2020 14:00,"0,21"
24/01/2020 13:00,"0,21"
24/01/2020 12:00,"0,21"
24/01/2020 11:00,"0,21"
24/01/2020 10:00,"0,21"
23/01/2020 17:00,"0,21"
23/01/2020 16:00,"0,21"
23/01/2020 15:00,"0,21"
23/01/2020 14:00,"0,21"
23/01/2020 13:00,"0,21"
23/01/2020 12:00,"0,21"
23/01/2020 11:00,"0,21"
23/01/2020 10:00,"0,21"
22/01/2020 17:00,"0,21"
22/01/2020 16:00,"0,21"
22/01/2020 15:00,"0,21"
22/01/2020 14:00,"0,21"
22/01/2020 13:00,"0,21"
22/01/2020 12:00,"0,21"
22/01/2020 11:00,"0,21"
22/01/2020 10:00,"0,21"
21/01/2020 17:00,"0,21"
21/01/2020 16:00,"0,21"
21/01/2020 15:00,"0,21"
21/01/2020 14:00,"0,21"
21/01/2020 13:00,"0,21"
21/01/2020 12:00,"0,21"
21/01/2020 11:00,"0,21"
21/01/2020 10:00,"0,21"
20/01/2020 17:00,"0,21"
20/01/2020 16:00,"0,21"
20/01/2020 15:00,"0,21"
20/01/2020 14:00,"0,21"
20/01/2020 13:00,"0,21"
20/01/2020 12:00,"0,21"
20/01/2020 11:00,"0,21"
20/01/2020 10:00,"0,21"
17/01/2020 17:00,"0,21"
17/01/2020 16:00,"0,21"
17/01/2020 15:00,"0,21"
17/01/2020 14:00,"0,21"
17/01/2020 13:00,"0,21"
17/01/2020 12:00,"0,21"
17/01/2020 11:00,"0,21"
17/01/2020 10:00,"0,21"
16/01/2020 17:00,"0,21"
16/01/2020 16:00,"0,21"
16/01/2020 15:00,"0,21"
16/01/2020 14:00,"0,21"
16/01/2020 13:00,"0,21"
16/01/2020 12:00,"0,21"
16/01/2020 11:00,"0,21"
16/01/2020 10:00,"0,21"
15/01/2020 17:00,"0,21"
15/01/2020 16:00,"0,21"
15/01/2020 15:00,"0,21"
15/01/2020 14:00,"0,21"
15/01/2020 13:00,"0,21"
15/01/2020 12:00,"0,21"
15/01/2020 11:00,"0,21"
15/01/2020 10:00,"0,21"
14/01/2020 17:00,"0,21"
14/01/2020 16:00,"0,21"
14/01/2020 15:00,"0,21"
14/01/2020 14:00,"0,21"
14/01/2020 13:00,"0,21"
14/01/2020 12:00,"0,21"
14/01/2020 11:00,"0,21"
14/01/2020 10:00,"0,21"
13/01/2020 17:00,"0,21"
13/01/2020 16:00,"0,21"
13/01/2020 15:00,"0,21"
13/01/2020 14:00,"0,21"
13/01/2020 13:00,"0,21"
13/01/2020 12:00,"0,21"
13/01/2020 11:00,"0,21"
13/01/2020 10:00,"0,21"
10/01/2020 17:00,"0,21"
10/01/2020 16:00,"0,21"
10/01/2020 15:00,"0,21"
10/01/2020 14:00,"0,21"
10/01/2020 13:00,"0,21"
10/01/2020 12:00,"0,21"
10/01/2020 11:00,"0,21"
10/01/2020 10:00,"0,21"
09/01/2020 17:00,"0,21"
09/01/2020 16:00,"0,21"
09/01/2020 15:00,"0,21"
09/01/2020 14:00,"0,21"
09/01/2020 13:00,"0,21"
09/01/2020 12:00,"0,21"
09/01/2020 11:00,"0,21"
09/01/2020 10:00,"0,21"
08/01/2020 17:00,"0,21"
08/01/2020 16:00,"0,21"
08/01/2020 15:00,"0,21"
08/01/2020 14:00,"0,21"
08/01/2020 13:00,"0,21"
08/01/2020 12:00,"0,21"
08/01/2020 11:00,"0,21"
08/01/2020 10:00,"0,21"
07/01/2020 17:00,"0,21"
07/01/2020 16:00,"0,21"
07/01/2020 15:00,"0,21"
07/01/2020 14:00,"0,21"
07/01/2020 13:00,"0,21"
07/01/2020 12:00,"0,21"
07/01/2020 11:00,"0,21"
07/01/2020 10:00,"0,21"
06/01/2020 17:00,"0,21"
06/01/2020 16:00,"0,21"
06/01/2020 15:00,"0,21"
06/01/2020 14:00,"0,21"
06/01/2020 13:00,"0,21"
06/01/2020 12:00,"0,21"
06/01/2020 11:00,"0,21"
06/01/2020 10:00,"0,21"
03/01/2020 17:00,"0,21"
03/01/2020 16:00,"0,21"
03/01/2020 15:00,"0,21"
03/01/2020 14:00,"0,21"
03/01/2020 13:00,"0,21"
03/01/2020 12:00,"0,21"
03/01/2020 11:00,"0,21"
03/01/2020 10:00,"0,21"
02/01/2020 17:00,"0,21"
02/01/2020 16:00,"0,21"
02/01/2020 15:00,"0,21"
02/01/2020 14:00,"0,21"
02/01/2020 13:00,"0,21"
02/01/2020 12:00,"0,21"
02/01/2020 11:00,"0,21"
02/01/2020 10:00,"0,21"
30/12/2019 17:00,"1,15"
30/12/2019 16:00,"1,15"
30/12/2019 15:00,"1,15"
30/12/2019 14:00,"1,15"
30/12/2019 13:00,"1,15"
30/12/2019 12:00,"1,15"
30/12/2019 11:00,"1,15"
30/12/2019 10:00,"1,15"
27/12/2019 17:00,"1,15"
27/12/2019 16:00,"1,15"
27/12/2019 15:00,"1,15"
27/12/2019 14:00,"1,15"
27/12/2019 13:00,"1,15"
27/12/2019 12:00,"1,15"
27/12/2019 11:00,"1,15"
27/12/2019 10:00,"1,15"
26/12/2019 17:00,"1,15"
26/12/2019 16:00,"1,15"
26/12/2019 15:00,"1,15"
26/12/2019 14:00,"1,15"
26/12/2019 13:00,"1,15"
26/12/2019 12:00,"1,15"
26/12/2019 11:00,"1,15"
26/12/2019 10:00,"1,15"
23/12/2019 17:00,"1,15"
23/12/2019 16:00,"1,15"
23/12/2019 15:00,"1,15"
23/12/2019 14:00,"1,15"
23/12/2019 13:00,"1,15"
23/12/2019 12:00,"1,15"
23/12/2019 11:00,"1,15"
23/12/2019 10:00,"1,15"
20/12/2019 17:00,"1,15"
20/12/2019 16:00,"1,15"
20/12/2019 15:00,"1,15"
20/12/2019 14:00,"1,15"
20/12/2019 13:00,"1,15"
20/12/2019 12:00,"1,15"
20/12/2019 11:00,"1,15"
20/12/2019 10:00,"1,15"
19/12/2019 17:00,"1,15"
19/12/2019 16:00,"1,15"
19/12/2019 15:00,"1,15"
19/12/2019 14:00,"1,15"
19/12/2019 13:00,"1,15"
19/12/2019 12:00,"1,15"
19/12/2019 11:00,"1,15"
19/12/2019 10:00,"1,15"
18/12/2019 17:00,"1,15"
18/12/2019 16:00,"1,15"
18/12/2019 15:00,"1,15"
18/12/2019 14:00,"1,15"
18/12/2019 13:00,"1,15"
18/12/2019 12:00,"1,15"
18/12/2019 11:00,"1,15"
18/12/2019 10:00,"1,15"
17/12/2019 17:00,"1,15"
17/12/2019 16:00,"1,15"
17/12/2019 15:00,"1,15"
17/12/2019 14:00,"1,15"
17/12/2019 13:00,"1,15"
17/12/2019 12:00,"1,15"
17/12/2019 11:00,"1,15"
17/12/2019 10:00,"1,15"
16/12/2019 17:00,"1,15"
16/12/2019 16:00,"1,15"
16/12/2019 15:00,"1,15"
16/12/2019 14:00,"1,15"
16/12/2019 13:00,"1,15"
16/12/2019 12:00,"1,15"
16/12/2019 11:00,"1,15"
16/12/2019 10:00,"1,15"
13/12/2019 17:00,"1,15"
13/12/2019 16:00,"1,15"
13/12/2019 15:00,"1,15"
13/12/2019 14:00,"1,15"
13/12/2019 13:00,"1,15"
13/12/2019 12:00,"1,15"
13/12/2019 11:00,"1,15"
13/12/2019 10:00,"1,15"
12/12/2019 17:00,"1,15"
12/12/2019 16:00,"1,15"
12/12/2019 15:00,"1,15"
12/12/2019 14:00,"1,15"
12/12/2019 13:00,"1,15"
12/12/2019 12:00,"1,15"
12/12/2019 11:00,"1,15"
12/12/2019 10:00,"1,15"
11/12/2019 17:00,"1,15"
11/12/2019 16:00,"1,15"
11/12/2019 15:00,"1,15"
11/12/2019 14:00,"1,15"
11/12/2019 13:00,"1,15"
11/12/2019 12:00,"1,15"
11/12/2019 11:00,"1,15"
11/12/2019 10:00,"1,15"
10/12/2019 17:00,"1,15"
10/12/2019 16:00,"1,15"
10/12/2019 15:00,"1,15"
10/12/2019 14:00,"1,15"
10/12/2019 13:00,"1,15"
10/12/2019 12:00,"1,15"
10/12/2019 11:00,"1,15"
10/12/2019 10:00,"1,15"
09/12/2019 17:00,"1,15"
09/12/2019 16:00,"1,15"
09/12/2019 15:00,"1,15"
09/12/2019 14:00,"1,15"
09/12/2019 13:00,"1,15"
09/12/2019 12:00,"1,15"
09/12/2019 11:00,"1,15"
09/12/2019 10:00,"1,15"
06/12/2019 17:00,"1,15"
06/12/2019 16:00,"1,15"
06/12/2019 15:00,"1,15"
06/12/2019 14:00,"1,15"
06/12/2019 13:00,"1,15"
06/12/2019 12:00,"1,15"
06/12/2019 11:00,"1,15"
06/12/2019 10:00,"1,15"
05/12/2019 17:00,"1,15"
05/12/2019 16:00,"1,15"
05/12/2019 15:00,"1,15"
05/12/2019 14:00,"1,15"
05/12/2019 13:00,"1,15"
05/12/2019 12:00,"1,15"
05/12/2019 11:00,"1,15"
05/12/2019 10:00,"1,15"
04/12/2019 17:00,"1,15"
04/12/2019 16:00,"1,15"
04/12/2019 15:00,"1,15"
04/12/2019 14:00,"1,15"
04/12/2019 13:00,"1,15"
04/12/2019 12:00,"1,15"
04/12/2019 11:00,"1,15"
04/12/2019 10:00,"1,15"
03/12/2019 17:00,"1,15"
03/12/2019 16:00,"1,15"
03/12/2019 15:00,"1,15"
03/12/2019 14:00,"1,15"
03/12/2019 13:00,"1,15"
03/12/2019 12:00,"1,15"
03/12/2019 11:00,"1,15"
03/12/2019 10:00,"1,15"
02/12/2019 17:00,"1,15"
02/12/2019 16:00,"1,15"
02/12/2019 15:00,"1,15"
02/12/2019 14:00,"1,15"
02/12/2019 13:00,"1,15"
02/12/2019 12:00,"1,15"
02/12/2019 11:00,"1,15"
02/12/2019 10:00,"1,15"
29/11/2019 17:00,"0,51"
29/11/2019 16:00,"0,51"
29/11/2019 15:00,"0,51"
29/11/2019 14:00,"0,51"
29/11/2019 13:00,"0,51"
29/11/2019 12:00,"0,51"
29/11/2019 11:00,"0,51"
29/11/2019 10:00,"0,51"
28/11/2019 17:00,"0,51"
28/11/2019 16:00,"0,51"
28/11/2019 15:00,"0,51"
28/11/2019 14:00,"0,51"
28/11/2019 13:00,"0,51"
28/11/2019 12:00,"0,51"
28/11/2019 11:00,"0,51"
28/11/2019 10:00,"0,51"
27/11/2019 17:00,"0,51"
27/11/2019 16:00,"0,51"
27/11/2019 15:00,"0,51"
27/11/2019 14:00,"0,51"
27/11/2019 13:00,"0,51"
27/11/2019 12:00,"0,51"
27/11/2019 11:00,"0,51"
27/11/2019 10:00,"0,51"
26/11/2019 17:00,"0,51"
26/11/2019 16:00,"0,51"
26/11/2019 15:00,"0,51"
26/11/2019 14:00,"0,51"
26/11/2019 13:00,"0,51"
26/11/2019 12:00,"0,51"
26/11/2019 11:00,"0,51"
26/11/2019 10:00,"0,51"
25/11/2019 17:00,"0,51"
25/11/2019 16:00,"0,51"
25/11/2019 15:00,"0,51"
25/11/2019 14:00,"0,51"
25/11/2019 13:00,"0,51"
25/11/2019 12:00,"0,51"
25/11/2019 11:00,"0,51"
25/11/2019 10:00,"0,51"
22/11/2019 17:00,"0,51"
22/11/2019 16:00,"0,51"
22/11/2019 15:00,"0,51"
22/11/2019 14:00,"0,51"
22/11/2019 13:00,"0,51"
22/11/2019 12:00,"0,51"
22/11/2019 11:00,"0,51"
22/11/2019 10:00,"0,51"
21/11/2019 17:00,"0,51"
21/11/2019 16:00,"0,51"
21/11/2019 15:00,"0,51"
21/11/2019 14:00,"0,51"
21/11/2019 13:00,"0,51"
21/11/2019 12:00,"0,51"
21/11/2019 11:00,"0,51"
21/11/2019 10:00,"0,51"
19/11/2019 17:00,"0,51"
19/11/2019 16:00,"0,51"
19/11/2019 15:00,"0,51"
19/11/2019 14:00,"0,51"
19/11/2019 13:00,"0,51"
19/11/2019 12:00,"0,51"
19/11/2019 11:00,"0,51"
19/11/2019 10:00,"0,51"
18/11/2019 17:00,"0,51"
18/11/2019 16:00,"0,51"
18/11/2019 15:00,"0,51"
18/11/2019 14:00,"0,51"
18/11/2019 13:00,"0,51"
18/11/2019 12:00,"0,51"
18/11/2019 11:00,"0,51"
18/11/2019 10:00,"0,51"
14/11/2019 17:00,"0,51"
14/11/2019 16:00,"0,51"
14/11/2019 15:00,"0,51"
14/11/2019 14:00,"0,51"
14/11/2019 13:00,"0,51"
14/11/2019 12:00,"0,51"
14/11/2019 11:00,"0,51"
14/11/2019 10:00,"0,51"
13/11/2019 17:00,"0,51"
13/11/2019 16:00,"0,51"
13/11/2019 15:00,"0,51"
13/11/2019 14:00,"0,51"
13/11/2019 13:00,"0,51"
13/11/2019 12:00,"0,51"
13/11/2019 11:00,"0,51"
13/11/2019 10:00,"0,51"
12/11/2019 17:00,"0,51"
12/11/2019 16:00,"0,51"
12/11/2019 15:00,"0,51"
12/11/2019 14:00,"0,51"
12/11/2019 13:00,"0,51"
12/11/2019 12:00,"0,51"
12/11/2019 11:00,"0,51"
12/11/2019 10:00,"0,51"
11/11/2019 17:00,"0,51"
11/11/2019 16:00,"0,51"
11/11/2019 15:00,"0,51"
11/11/2019 14:00,"0,51"
11/11/2019 13:00,"0,51"
11/11/2019 12:00,"0,51"
11/11/2019 11:00,"0,51"
11/11/2019 10:00,"0,51"
08/11/2019 17:00,"0,51"
08/11/2019 16:00,"0,51"
08/11/2019 15:00,"0,51"
08/11/2019 14:00,"0,51"
08/11/2019 13:00,"0,51"
08/11/2019 12:00,"0,51"
08/11/2019 11:00,"0,51"
08/11/2019 10:00,"0,51"
07/11/2019 17:00,"0,51"
07/11/2019 16:00,"0,51"
07/11/2019 15:00,"0,51"
07/11/2019 14:00,"0,51"
07/11/2019 13:00,"0,51"
07/11/2019 12:00,"0,51"
07/11/2019 11:00,"0,51"
07/11/2019 10:00,"0,51"
06/11/2019 17:00,"0,51"
06/11/2019 16:00,"0,51"
06/11/2019 15:00,"0,51"
06/11/2019 14:00,"0,51"
06/11/2019 13:00,"0,51"
06/11/2019 12:00,"0,51"
06/11/2019 11:00,"0,51"
06/11/2019 10:00,"0,51"
05/11/2019 17:00,"0,51"
05/11/2019 16:00,"0,51"
05/11/2019 15:00,"0,51"
05/11/2019 14:00,"0,51"
05/11/2019 13:00,"0,51"
05/11/2019 12:00,"0,51"
05/11/2019 11:00,"0,51"
05/11/2019 10:00,"0,51"
04/11/2019 17:00,"0,51"
04/11/2019 16:00,"0,51"
04/11/2019 15:00,"0,51"
04/11/2019 14:00,"0,51"
04/11/2019 13:00,"0,51"
04/11/2019 12:00,"0,51"
04/11/2019 11:00,"0,51"
04/11/2019 10:00,"0,51"
01/11/2019 17:00,"0,51"
01/11/2019 16:00,"0,51"
01/11/2019 15:00,"0,51"
01/11/2019 14:00,"0,51"
01/11/2019 13:00,"0,51"
01/11/2019 12:00,"0,51"
01/11/2019 11:00,"0,51"
01/11/2019 10:00,"0,51"
31/10/2019 17:00,"0,1"
31/10/2019 16:00,"0,1"
31/10/2019 15:00,"0,1"
31/10/2019 14:00,"0,1"
31/10/2019 13:00,"0,1"
31/10/2019 12:00,"0,1"
31/10/2019 11:00,"0,1"
31/10/2019 10:00,"0,1"
30/10/2019 17:00,"0,1"
30/10/2019 16:00,"0,1"
30/10/2019 15:00,"0,1"
30/10/2019 14:00,"0,1"
30/10/2019 13:00,"0,1"
30/10/2019 12:00,"0,1"
30/10/2019 11:00,"0,1"
30/10/2019 10:00,"0,1"
29/10/2019 17:00,"0,1"
29/10/2019 16:00,"0,1"
29/10/2019 15:00,"0,1"
29/10/2019 14:00,"0,1"
29/10/2019 13:00,"0,1"
29/10/2019 12:00,"0,1"
29/10/2019 11:00,"0,1"
29/10/2019 10:00,"0,1"
28/10/2019 17:00,"0,1"
28/10/2019 16:00,"0,1"
28/10/2019 15:00,"0,1"
28/10/2019 14:00,"0,1"
28/10/2019 13:00,"0,1"
28/10/2019 12:00,"0,1"
28/10/2019 11:00,"0,1"
28/10/2019 10:00,"0,1"
25/10/2019 17:00,"0,1"
25/10/2019 16:00,"0,1"
25/10/2019 15:00,"0,1"
25/10/2019 14:00,"0,1"
25/10/2019 13:00,"0,1"
25/10/2019 12:00,"0,1"
25/10/2019 11:00,"0,1"
25/10/2019 10:00,"0,1"
24/10/2019 17:00,"0,1"
24/10/2019 16:00,"0,1"
24/10/2019 15:00,"0,1"
24/10/2019 14:00,"0,1"
24/10/2019 13:00,"0,1"
24/10/2019 12:00,"0,1"
24/10/2019 11:00,"0,1"
24/10/2019 10:00,"0,1"
23/10/2019 17:00,"0,1"
23/10/2019 16:00,"0,1"
23/10/2019 15:00,"0,1"
23/10/2019 14:00,"0,1"
23/10/2019 13:00,"0,1"
23/10/2019 12:00,"0,1"
23/10/2019 11:00,"0,1"
23/10/2019 10:00,"0,1"
22/10/2019 17:00,"0,1"
22/10/2019 16:00,"0,1"
22/10/2019 15:00,"0,1"
22/10/2019 14:00,"0,1"
22/10/2019 13:00,"0,1"
22/10/2019 12:00,"0,1"
22/10/2019 11:00,"0,1"
22/10/2019 10:00,"0,1"
21/10/2019 17:00,"0,1"
21/10/2019 16:00,"0,1"
21/10/2019 15:00,"0,1"
21/10/2019 14:00,"0,1"
21/10/2019 13:00,"0,1"
21/10/2019 12:00,"0,1"
21/10/2019 11:00,"0,1"
21/10/2019 10:00,"0,1"
18/10/2019 17:00,"0,1"
18/10/2019 16:00,"0,1"
18/10/2019 15:00,"0,1"
18/10/2019 14:00,"0,1"
18/10/2019 13:00,"0,1"
18/10/2019 12:00,"0,1"
18/10/2019 11:00,"0,1"
18/10/2019 10:00,"0,1"
17/10/2019 17:00,"0,1"
17/10/2019 16:00,"0,1"
17/10/2019 15:00,"0,1"
17/10/2019 14:00,"0,1"
17/10/2019 13:00,"0,1"
17/10/2019 12:00,"0,1"
17/10/2019 11:00,"0,1"
17/10/2019 10:00,"0,1"
16/10/2019 17:00,"0,1"
16/10/2019 16:00,"0,1"
16/10/2019 15:00,"0,1"
16/10/2019 14:00,"0,1"
16/10/2019 13:00,"0,1"
16/10/2019 12:00,"0,1"
16/10/2019 11:00,"0,1"
16/10/2019 10:00,"0,1"
15/10/2019 17:00,"0,1"
15/10/2019 16:00,"0,1"
15/10/2019 15:00,"0,1"
15/10/2019 14:00,"0,1"
15/10/2019 13:00,"0,1"
15/10/2019 12:00,"0,1"
15/10/2019 11:00,"0,1"
15/10/2019 10:00,"0,1"
14/10/2019 17:00,"0,1"
14/10/2019 16:00,"0,1"
14/10/2019 15:00,"0,1"
14/10/2019 14:00,"0,1"
14/10/2019 13:00,"0,1"
14/10/2019 12:00,"0,1"
14/10/2019 11:00,"0,1"
14/10/2019 10:00,"0,1"
11/10/2019 17:00,"0,1"
11/10/2019 16:00,"0,1"
11/10/2019 15:00,"0,1"
11/10/2019 14:00,"0,1"
11/10/2019 13:00,"0,1"
11/10/2019 12:00,"0,1"
11/10/2019 11:00,"0,1"
11/10/2019 10:00,"0,1"
10/10/2019 17:00,"0,1"
10/10/2019 16:00,"0,1"
10/10/2019 15:00,"0,1"
10/10/2019 14:00,"0,1"
10/10/2019 13:00,"0,1"
10/10/2019 12:00,"0,1"
10/10/2019 11:00,"0,1"
10/10/2019 10:00,"0,1"
09/10/2019 17:00,"0,1"
09/10/2019 16:00,"0,1"
09/10/2019 15:00,"0,1"
09/10/2019 14:00,"0,1"
09/10/2019 13:00,"0,1"
09/10/2019 12:00,"0,1"
09/10/2019 11:00,"0,1"
09/10/2019 10:00,"0,1"
08/10/2019 17:00,"0,1"
08/10/2019 16:00,"0,1"
08/10/2019 15:00,"0,1"
08/10/2019 14:00,"0,1"
08/10/2019 13:00,"0,1"
08/10/2019 12:00,"0,1"
08/10/2019 11:00,"0,1"
08/10/2019 10:00,"0,1"
07/10/2019 17:00,"0,1"
07/10/2019 16:00,"0,1"
07/10/2019 15:00,"0,1"
07/10/2019 14:00,"0,1"
07/10/2019 13:00,"0,1"
07/10/2019 12:00,"0,1"
07/10/2019 11:00,"0,1"
07/10/2019 10:00,"0,1"
04/10/2019 17:00,"0,1"
04/10/2019 16:00,"0,1"
04/10/2019 15:00,"0,1"
04/10/2019 14:00,"0,1"
04/10/2019 13:00,"0,1"
04/10/2019 12:00,"0,1"
04/10/2019 11:00,"0,1"
04/10/2019 10:00,"0,1"
03/10/2019 17:00,"0,1"
03/10/2019 16:00,"0,1"
03/10/2019 15:00,"0,1"
03/10/2019 14:00,"0,1"
03/10/2019 13:00,"0,1"
03/10/2019 12:00,"0,1"
03/10/2019 11:00,"0,1"
03/10/2019 10:00,"0,1"
02/10/2019 17:00,"0,1"
02/10/2019 16:00,"0,1"
02/10/2019 15:00,"0,1"
02/10/2019 14:00,"0,1"
02/10/2019 13:00,"0,1"
02/10/2019 12:00,"0,1"
02/10/2019 11:00,"0,1"
02/10/2019 10:00,"0,1"
01/10/2019 17:00,"0,1"
01/10/2019 16:00,"0,1"
01/10/2019 15:00,"0,1"
01/10/2019 14:00,"0,1"
01/10/2019 13:00,"0,1"
01/10/2019 12:00,"0,1"
01/10/2019 11:00,"0,1"
01/10/2019 10:00,"0,1"
30/09/2019 17:00,"-0,04"
30/09/2019 16:00,"-0,04"
30/09/2019 15:00,"-0,04"
30/09/2019 14:00,"-0,04"
30/09/2019 13:00,"-0,04"
30/09/2019 12:00,"-0,04"
30/09/2019 11:00,"-0,04"
30/09/2019 10:00,"-0,04"
27/09/2019 17:00,"-0,04"
27/09/2019 16:00,"-0,04"
27/09/2019 15:00,"-0,04"
27/09/2019 14:00,"-0,04"
27/09/2019 13:00,"-0,04"
27/09/2019 12:00,"-0,04"
27/09/2019 11:00,"-0,04"
27/09/2019 10:00,"-0,04"
26/09/2019 17:00,"-0,04"
26/09/2019 16:00,"-0,04"
26/09/2019 15:00,"-0,04"
26/09/2019 14:00,"-0,04"
26/09/2019 13:00,"-0,04"
26/09/2019 12:00,"-0,04"
26/09/2019 11:00,"-0,04"
26/09/2019 10:00,"-0,04"
25/09/2019 17:00,"-0,04"
25/09/2019 16:00,"-0,04"
25/09/2019 15:00,"-0,04"
25/09/2019 14:00,"-0,04"
25/09/2019 13:00,"-0,04"
25/09/2019 12:00,"-0,04"
25/09/2019 11:00,"-0,04"
25/09/2019 10:00,"-0,04"
24/09/2019 17:00,"-0,04"
24/09/2019 16:00,"-0,04"
24/09/2019 15:00,"-0,04"
24/09/2019 14:00,"-0,04"
24/09/2019 13:00,"-0,04"
24/09/2019 12:00,"-0,04"
24/09/2019 11:00,"-0,04"
24/09/2019 10:00,"-0,04"
23/09/2019 17:00,"-0,04"
23/09/2019 16:00,"-0,04"
23/09/2019 15:00,"-0,04"
23/09/2019 14:00,"-0,04"
23/09/2019 13:00,"-0,04"
23/09/2019 12:00,"-0,04"
23/09/2019 11:00,"-0,04"
23/09/2019 10:00,"-0,04"
20/09/2019 17:00,"-0,04"
20/09/2019 16:00,"-0,04"
20/09/2019 15:00,"-0,04"
20/09/2019 14:00,"-0,04"
20/09/2019 13:00,"-0,04"
20/09/2019 12:00,"-0,04"
20/09/2019 11:00,"-0,04"
20/09/2019 10:00,"-0,04"
19/09/2019 17:00,"-0,04"
19/09/2019 16:00,"-0,04"
19/09/2019 15:00,"-0,04"
19/09/2019 14:00,"-0,04"
19/09/2019 13:00,"-0,04"
19/09/2019 12:00,"-0,04"
19/09/2019 11:00,"-0,04"
19/09/2019 10:00,"-0,04"
18/09/2019 17:00,"-0,04"
18/09/2019 16:00,"-0,04"
18/09/2019 15:00,"-0,04"
18/09/2019 14:00,"-0,04"
18/09/2019 13:00,"-0,04"
18/09/2019 12:00,"-0,04"
18/09/2019 11:00,"-0,04"
18/09/2019 10:00,"-0,04"
17/09/2019 17:00,"-0,04"
17/09/2019 16:00,"-0,04"
17/09/2019 15:00,"-0,04"
17/09/2019 14:00,"-0,04"
17/09/2019 13:00,"-0,04"
17/09/2019 12:00,"-0,04"
17/09/2019 11:00,"-0,04"
17/09/2019 10:00,"-0,04"
16/09/2019 17:00,"-0,04"
16/09/2019 16:00,"-0,04"
16/09/2019 15:00,"-0,04"
16/09/2019 14:00,"-0,04"
16/09/2019 13:00,"-0,04"
16/09/2019 12:00,"-0,04"
16/09/2019 11:00,"-0,04"
16/09/2019 10:00,"-0,04"
13/09/2019 17:00,"-0,04"
13/09/2019 16:00,"-0,04"
13/09/2019 15:00,"-0,04"
13/09/2019 14:00,"-0,04"
13/09/2019 13:00,"-0,04"
13/09/2019 12:00,"-0,04"
13/09/2019 11:00,"-0,04"
13/09/2019 10:00,"-0,04"
12/09/2019 17:00,"-0,04"
12/09/2019 16:00,"-0,04"
12/09/2019 15:00,"-0,04"
12/09/2019 14:00,"-0,04"
12/09/2019 13:00,"-0,04"
12/09/2019 12:00,"-0,04"
12/09/2019 11:00,"-0,04"
12/09/2019 10:00,"-0,04"
11/09/2019 17:00,"-0,04"
11/09/2019 16:00,"-0,04"
11/09/2019 15:00,"-0,04"
11/09/2019 14:00,"-0,04"
11/09/2019 13:00,"-0,04"
11/09/2019 12:00,"-0,04"
11/09/2019 11:00,"-0,04"
11/09/2019 10:00,"-0,04"
10/09/2019 17:00,"-0,04"
10/09/2019 16:00,"-0,04"
10/09/2019 15:00,"-0,04"
10/09/2019 14:00,"-0,04"
10/09/2019 13:00,"-0,04"
10/09/2019 12:00,"-0,04"
10/09/2019 11:00,"-0,04"
10/09/2019 10:00,"-0,04"
09/09/2019 17:00,"-0,04"
09/09/2019 16:00,"-0,04"
09/09/2019 15:00,"-0,04"
09/09/2019 14:00,"-0,04"
09/09/2019 13:00,"-0,04"
09/09/2019 12:00,"-0,04"
09/09/2019 11:00,"-0,04"
09/09/2019 10:00,"-0,04"
06/09/2019 17:00,"-0,04"
06/09/2019 16:00,"-0,04"
06/09/2019 15:00,"-0,04"
06/09/2019 14:00,"-0,04"
06/09/2019 13:00,"-0,04"
06/09/2019 12:00,"-0,04"
06/09/2019 11:00,"-0,04"
06/09/2019 10:00,"-0,04"
05/09/2019 17:00,"-0,04"
05/09/2019 16:00,"-0,04"
05/09/2019 15:00,"-0,04"
05/09/2019 14:00,"-0,04"
05/09/2019 13:00,"-0,04"
05/09/2019 12:00,"-0,04"
05/09/2019 11:00,"-0,04"
05/09/2019 10:00,"-0,04"
04/09/2019 17:00,"-0,04"
04/09/2019 16:00,"-0,04"
04/09/2019 15:00,"-0,04"
04/09/2019 14:00,"-0,04"
04/09/2019 13:00,"-0,04"
04/09/2019 12:00,"-0,04"
04/09/2019 11:00,"-0,04"
04/09/2019 10:00,"-0,04"
03/09/2019 17:00,"-0,04"
03/09/2019 16:00,"-0,04"
03/09/2019 15:00,"-0,04"
03/09/2019 14:00,"-0,04"
03/09/2019 13:00,"-0,04"
03/09/2019 12:00,"-0,04"
03/09/2019 11:00,"-0,04"
03/09/2019 10:00,"-0,04"
02/09/2019 17:00,"-0,04"
02/09/2019 16:00,"-0,04"
02/09/2019 15:00,"-0,04"
02/09/2019 14:00,"-0,04"
02/09/2019 13:00,"-0,04"
02/09/2019 12:00,"-0,04"
02/09/2019 11:00,"-0,04"
02/09/2019 10:00,"-0,04"
30/08/2019 17:00,"0,11"
30/08/2019 16:00,"0,11"
30/08/2019 15:00,"0,11"
30/08/2019 14:00,"0,11"
30/08/2019 13:00,"0,11"
30/08/2019 12:00,"0,11"
30/08/2019 11:00,"0,11"
30/08/2019 10:00,"0,11"
29/08/2019 17:00,"0,11"
29/08/2019 16:00,"0,11"
29/08/2019 15:00,"0,11"
29/08/2019 14:00,"0,11"
29/08/2019 13:00,"0,11"
29/08/2019 12:00,"0,11"
29/08/2019 11:00,"0,11"
29/08/2019 10:00,"0,11"
28/08/2019 17:00,"0,11"
28/08/2019 16:00,"0,11"
28/08/2019 15:00,"0,11"
28/08/2019 14:00,"0,11"
28/08/2019 13:00,"0,11"
28/08/2019 12:00,"0,11"
28/08/2019 11:00,"0,11"
28/08/2019 10:00,"0,11"
27/08/2019 17:00,"0,11"
27/08/2019 16:00,"0,11"
27/08/2019 15:00,"0,11"
27/08/2019 14:00,"0,11"
27/08/2019 13:00,"0,11"
27/08/2019 12:00,"0,11"
27/08/2019 11:00,"0,11"
27/08/2019 10:00,"0,11"
26/08/2019 17:00,"0,11"
26/08/2019 16:00,"0,11"
26/08/2019 15:00,"0,11"
26/08/2019 14:00,"0,11"
26/08/2019 13:00,"0,11"
26/08/2019 12:00,"0,11"
26/08/2019 11:00,"0,11"
26/08/2019 10:00,"0,11"
23/08/2019 17:00,"0,11"
23/08/2019 16:00,"0,11"
23/08/2019 15:00,"0,11"
23/08/2019 14:00,"0,11"
23/08/2019 13:00,"0,11"
23/08/2019 12:00,"0,11"
23/08/2019 11:00,"0,11"
23/08/2019 10:00,"0,11"
22/08/2019 17:00,"0,11"
22/08/2019 16:00,"0,11"
22/08/2019 15:00,"0,11"
22/08/2019 14:00,"0,11"
22/08/2019 13:00,"0,11"
22/08/2019 12:00,"0,11"
22/08/2019 11:00,"0,11"
22/08/2019 10:00,"0,11"
21/08/2019 17:00,"0,11"
21/08/2019 16:00,"0,11"
21/08/2019 15:00,"0,11"
21/08/2019 14:00,"0,11"
21/08/2019 13:00,"0,11"
21/08/2019 12:00,"0,11"
21/08/2019 11:00,"0,11"
21/08/2019 10:00,"0,11"
20/08/2019 17:00,"0,11"
20/08/2019 16:00,"0,11"
20/08/2019 15:00,"0,11"
20/08/2019 14:00,"0,11"
20/08/2019 13:00,"0,11"
20/08/2019 12:00,"0,11"
20/08/2019 11:00,"0,11"
20/08/2019 10:00,"0,11"
19/08/2019 17:00,"0,11"
19/08/2019 16:00,"0,11"
19/08/2019 15:00,"0,11"
19/08/2019 14:00,"0,11"
19/08/2019 13:00,"0,11"
19/08/2019 12:00,"0,11"
19/08/2019 11:00,"0,11"
19/08/2019 10:00,"0,11"
16/08/2019 17:00,"0,11"
16/08/2019 16:00,"0,11"
16/08/2019 15:00,"0,11"
16/08/2019 14:00,"0,11"
16/08/2019 13:00,"0,11"
16/08/2019 12:00,"0,11"
16/08/2019 11:00,"0,11"
16/08/2019 10:00,"0,11"
15/08/2019 17:00,"0,11"
15/08/2019 16:00,"0,11"
15/08/2019 15:00,"0,11"
15/08/2019 14:00,"0,11"
15/08/2019 13:00,"0,11"
15/08/2019 12:00,"0,11"
15/08/2019 11:00,"0,11"
15/08/2019 10:00,"0,11"
14/08/2019 17:00,"0,11"
14/08/2019 16:00,"0,11"
14/08/2019 15:00,"0,11"
14/08/2019 14:00,"0,11"
14/08/2019 13:00,"0,11"
14/08/2019 12:00,"0,11"
14/08/2019 11:00,"0,11"
14/08/2019 10:00,"0,11"
13/08/2019 17:00,"0,11"
13/08/2019 16:00,"0,11"
13/08/2019 15:00,"0,11"
13/08/2019 14:00,"0,11"
13/08/2019 13:00,"0,11"
13/08/2019 12:00,"0,11"
13/08/2019 11:00,"0,11"
13/08/2019 10:00,"0,11"
12/08/2019 17:00,"0,11"
12/08/2019 16:00,"0,11"
12/08/2019 15:00,"0,11"
12/08/2019 14:00,"0,11"
12/08/2019 13:00,"0,11"
12/08/2019 12:00,"0,11"
12/08/2019 11:00,"0,11"
12/08/2019 10:00,"0,11"
09/08/2019 17:00,"0,11"
09/08/2019 16:00,"0,11"
09/08/2019 15:00,"0,11"
09/08/2019 14:00,"0,11"
09/08/2019 13:00,"0,11"
09/08/2019 12:00,"0,11"
09/08/2019 11:00,"0,11"
09/08/2019 10:00,"0,11"
08/08/2019 17:00,"0,11"
08/08/2019 16:00,"0,11"
08/08/2019 15:00,"0,11"
08/08/2019 14:00,"0,11"
08/08/2019 13:00,"0,11"
08/08/2019 12:00,"0,11"
08/08/2019 11:00,"0,11"
08/08/2019 10:00,"0,11"
07/08/2019 17:00,"0,11"
07/08/2019 16:00,"0,11"
07/08/2019 15:00,"0,11"
07/08/2019 14:00,"0,11"
07/08/2019 13:00,"0,11"
07/08/2019 12:00,"0,11"
07/08/2019 11:00,"0,11"
07/08/2019 10:00,"0,11"
06/08/2019 17:00,"0,11"
06/08/2019 16:00,"0,11"
06/08/2019 15:00,"0,11"
06/08/2019 14:00,"0,11"
06/08/2019 13:00,"0,11"
06/08/2019 12:00,"0,11"
06/08/2019 11:00,"0,11"
06/08/2019 10:00,"0,11"
05/08/2019 17:00,"0,11"
05/08/2019 16:00,"0,11"
05/08/2019 15:00,"0,11"
05/08/2019 14:00,"0,11"
05/08/2019 13:00,"0,11"
05/08/2019 12:00,"0,11"
05/08/2019 11:00,"0,11"
05/08/2019 10:00,"0,11"
02/08/2019 17:00,"0,11"
02/08/2019 16:00,"0,11"
02/08/2019 15:00,"0,11"
02/08/2019 14:00,"0,11"
02/08/2019 13:00,"0,11"
02/08/2019 12:00,"0,11"
02/08/2019 11:00,"0,11"
02/08/2019 10:00,"0,11"
01/08/2019 17:00,"0,11"
01/08/2019 16:00,"0,11"
01/08/2019 15:00,"0,11"
01/08/2019 14:00,"0,11"
01/08/2019 13:00,"0,11"
01/08/2019 12:00,"0,11"
01/08/2019 11:00,"0,11"
01/08/2019 10:00,"0,11"
31/07/2019 17:00,"0,19"
31/07/2019 16:00,"0,19"
31/07/2019 15:00,"0,19"
31/07/2019 14:00,"0,19"
31/07/2019 13:00,"0,19"
31/07/2019 12:00,"0,19"
31/07/2019 11:00,"0,19"
31/07/2019 10:00,"0,19"
30/07/2019 17:00,"0,19"
30/07/2019 16:00,"0,19"
30/07/2019 15:00,"0,19"
30/07/2019 14:00,"0,19"
30/07/2019 13:00,"0,19"
30/07/2019 12:00,"0,19"
30/07/2019 11:00,"0,19"
30/07/2019 10:00,"0,19"
29/07/2019 17:00,"0,19"
29/07/2019 16:00,"0,19"
29/07/2019 15:00,"0,19"
29/07/2019 14:00,"0,19"
29/07/2019 13:00,"0,19"
29/07/2019 12:00,"0,19"
29/07/2019 11:00,"0,19"
29/07/2019 10:00,"0,19"
26/07/2019 17:00,"0,19"
26/07/2019 16:00,"0,19"
26/07/2019 15:00,"0,19"
26/07/2019 14:00,"0,19"
26/07/2019 13:00,"0,19"
26/07/2019 12:00,"0,19"
26/07/2019 11:00,"0,19"
26/07/2019 10:00,"0,19"
25/07/2019 17:00,"0,19"
25/07/2019 16:00,"0,19"
25/07/2019 15:00,"0,19"
25/07/2019 14:00,"0,19"
25/07/2019 13:00,"0,19"
25/07/2019 12:00,"0,19"
25/07/2019 11:00,"0,19"
25/07/2019 10:00,"0,19"
24/07/2019 17:00,"0,19"
24/07/2019 16:00,"0,19"
24/07/2019 15:00,"0,19"
24/07/2019 14:00,"0,19"
24/07/2019 13:00,"0,19"
24/07/2019 12:00,"0,19"
24/07/2019 11:00,"0,19"
24/07/2019 10:00,"0,19"
23/07/2019 17:00,"0,19"
23/07/2019 16:00,"0,19"
23/07/2019 15:00,"0,19"
23/07/2019 14:00,"0,19"
23/07/2019 13:00,"0,19"
23/07/2019 12:00,"0,19"
23/07/2019 11:00,"0,19"
23/07/2019 10:00,"0,19"
22/07/2019 17:00,"0,19"
22/07/2019 16:00,"0,19"
22/07/2019 15:00,"0,19"
22/07/2019 14:00,"0,19"
22/07/2019 13:00,"0,19"
22/07/2019 12:00,"0,19"
22/07/2019 11:00,"0,19"
22/07/2019 10:00,"0,19"
19/07/2019 17:00,"0,19"
19/07/2019 16:00,"0,19"
19/07/2019 15:00,"0,19"
19/07/2019 14:00,"0,19"
19/07/2019 13:00,"0,19"
19/07/2019 12:00,"0,19"
19/07/2019 11:00,"0,19"
19/07/2019 10:00,"0,19"
18/07/2019 17:00,"0,19"
18/07/2019 16:00,"0,19"
18/07/2019 15:00,"0,19"
18/07/2019 14:00,"0,19"
18/07/2019 13:00,"0,19"
18/07/2019 12:00,"0,19"
18/07/2019 11:00,"0,19"
18/07/2019 10:00,"0,19"
17/07/2019 17:00,"0,19"
17/07/2019 16:00,"0,19"
17/07/2019 15:00,"0,19"
17/07/2019 14:00,"0,19"
17/07/2019 13:00,"0,19"
17/07/2019 12:00,"0,19"
17/07/2019 11:00,"0,19"
17/07/2019 10:00,"0,19"
16/07/2019 17:00,"0,19"
16/07/2019 16:00,"0,19"
16/07/2019 15:00,"0,19"
16/07/2019 14:00,"0,19"
16/07/2019 13:00,"0,19"
16/07/2019 12:00,"0,19"
16/07/2019 11:00,"0,19"
16/07/2019 10:00,"0,19"
15/07/2019 17:00,"0,19"
15/07/2019 16:00,"0,19"
15/07/2019 15:00,"0,19"
15/07/2019 14:00,"0,19"
15/07/2019 13:00,"0,19"
15/07/2019 12:00,"0,19"
15/07/2019 11:00,"0,19"
15/07/2019 10:00,"0,19"
12/07/2019 17:00,"0,19"
12/07/2019 16:00,"0,19"
12/07/2019 15:00,"0,19"
12/07/2019 14:00,"0,19"
12/07/2019 13:00,"0,19"
12/07/2019 12:00,"0,19"
12/07/2019 11:00,"0,19"
12/07/2019 10:00,"0,19"
11/07/2019 17:00,"0,19"
11/07/2019 16:00,"0,19"
11/07/2019 15:00,"0,19"
11/07/2019 14:00,"0,19"
11/07/2019 13:00,"0,19"
11/07/2019 12:00,"0,19"
11/07/2019 11:00,"0,19"
11/07/2019 10:00,"0,19"
10/07/2019 17:00,"0,19"
10/07/2019 16:00,"0,19"
10/07/2019 15:00,"0,19"
10/07/2019 14:00,"0,19"
10/07/2019 13:00,"0,19"
10/07/2019 12:00,"0,19"
10/07/2019 11:00,"0,19"
10/07/2019 10:00,"0,19"
08/07/2019 17:00,"0,19"
08/07/2019 16:00,"0,19"
08/07/2019 15:00,"0,19"
08/07/2019 14:00,"0,19"
08/07/2019 13:00,"0,19"
08/07/2019 12:00,"0,19"
08/07/2019 11:00,"0,19"
08/07/2019 10:00,"0,19"
05/07/2019 17:00,"0,19"
05/07/2019 16:00,"0,19"
05/07/2019 15:00,"0,19"
05/07/2019 14:00,"0,19"
05/07/2019 13:00,"0,19"
05/07/2019 12:00,"0,19"
05/07/2019 11:00,"0,19"
05/07/2019 10:00,"0,19"
04/07/2019 17:00,"0,19"
04/07/2019 16:00,"0,19"
04/07/2019 15:00,"0,19"
04/07/2019 14:00,"0,19"
04/07/2019 13:00,"0,19"
04/07/2019 12:00,"0,19"
04/07/2019 11:00,"0,19"
04/07/2019 10:00,"0,19"
03/07/2019 17:00,"0,19"
03/07/2019 16:00,"0,19"
03/07/2019 15:00,"0,19"
03/07/2019 14:00,"0,19"
03/07/2019 13:00,"0,19"
03/07/2019 12:00,"0,19"
03/07/2019 11:00,"0,19"
03/07/2019 10:00,"0,19"
02/07/2019 17:00,"0,19"
02/07/2019 16:00,"0,19"
02/07/2019 15:00,"0,19"
02/07/2019 14:00,"0,19"
02/07/2019 13:00,"0,19"
02/07/2019 12:00,"0,19"
02/07/2019 11:00,"0,19"
02/07/2019 10:00,"0,19"
01/07/2019 17:00,"0,19"
01/07/2019 16:00,"0,19"
01/07/2019 15:00,"0,19"
01/07/2019 14:00,"0,19"
01/07/2019 13:00,"0,19"
01/07/2019 12:00,"0,19"
01/07/2019 11:00,"0,19"
01/07/2019 10:00,"0,19"
28/06/2019 17:00,"0,01"
28/06/2019 16:00,"0,01"
28/06/2019 15:00,"0,01"
28/06/2019 14:00,"0,01"
28/06/2019 13:00,"0,01"
28/06/2019 12:00,"0,01"
28/06/2019 11:00,"0,01"
28/06/2019 10:00,"0,01"
27/06/2019 17:00,"0,01"
27/06/2019 16:00,"0,01"
27/06/2019 15:00,"0,01"
27/06/2019 14:00,"0,01"
27/06/2019 13:00,"0,01"
27/06/2019 12:00,"0,01"
27/06/2019 11:00,"0,01"
27/06/2019 10:00,"0,01"
26/06/2019 17:00,"0,01"
26/06/2019 16:00,"0,01"
26/06/2019 15:00,"0,01"
26/06/2019 14:00,"0,01"
26/06/2019 13:00,"0,01"
26/06/2019 12:00,"0,01"
26/06/2019 11:00,"0,01"
26/06/2019 10:00,"0,01"
25/06/2019 17:00,"0,01"
25/06/2019 16:00,"0,01"
25/06/2019 15:00,"0,01"
25/06/2019 14:00,"0,01"
25/06/2019 13:00,"0,01"
25/06/2019 12:00,"0,01"
25/06/2019 11:00,"0,01"
25/06/2019 10:00,"0,01"
24/06/2019 17:00,"0,01"
24/06/2019 16:00,"0,01"
24/06/2019 15:00,"0,01"
24/06/2019 14:00,"0,01"
24/06/2019 13:00,"0,01"
24/06/2019 12:00,"0,01"
24/06/2019 11:00,"0,01"
24/06/2019 10:00,"0,01"
21/06/2019 17:00,"0,01"
21/06/2019 16:00,"0,01"
21/06/2019 15:00,"0,01"
21/06/2019 14:00,"0,01"
21/06/2019 13:00,"0,01"
21/06/2019 12:00,"0,01"
21/06/2019 11:00,"0,01"
21/06/2019 10:00,"0,01"
19/06/2019 17:00,"0,01"
19/06/2019 16:00,"0,01"
19/06/2019 15:00,"0,01"
19/06/2019 14:00,"0,01"
19/06/2019 13:00,"0,01"
19/06/2019 12:00,"0,01"
19/06/2019 11:00,"0,01"
19/06/2019 10:00,"0,01"
18/06/2019 17:00,"0,01"
18/06/2019 16:00,"0,01"
18/06/2019 15:00,"0,01"
18/06/2019 14:00,"0,01"
18/06/2019 13:00,"0,01"
18/06/2019 12:00,"0,01"
18/06/2019 11:00,"0,01"
18/06/2019 10:00,"0,01"
17/06/2019 17:00,"0,01"
17/06/2019 16:00,"0,01"
17/06/2019 15:00,"0,01"
17/06/2019 14:00,"0,01"
17/06/2019 13:00,"0,01"
17/06/2019 12:00,"0,01"
17/06/2019 11:00,"0,01"
17/06/2019 10:00,"0,01"
14/06/2019 17:00,"0,01"
14/06/2019 16:00,"0,01"
14/06/2019 15:00,"0,01"
14/06/2019 14:00,"0,01"
14/06/2019 13:00,"0,01"
14/06/2019 12:00,"0,01"
14/06/2019 11:00,"0,01"
14/06/2019 10:00,"0,01"
13/06/2019 17:00,"0,01"
13/06/2019 16:00,"0,01"
13/06/2019 15:00,"0,01"
13/06/2019 14:00,"0,01"
13/06/2019 13:00,"0,01"
13/06/2019 12:00,"0,01"
13/06/2019 11:00,"0,01"
13/06/2019 10:00,"0,01"
12/06/2019 17:00,"0,01"
12/06/2019 16:00,"0,01"
12/06/2019 15:00,"0,01"
12/06/2019 14:00,"0,01"
12/06/2019 13:00,"0,01"
12/06/2019 12:00,"0,01"
12/06/2019 11:00,"0,01"
12/06/2019 10:00,"0,01"
11/06/2019 17:00,"0,01"
11/06/2019 16:00,"0,01"
11/06/2019 15:00,"0,01"
11/06/2019 14:00,"0,01"
11/06/2019 13:00,"0,01"
11/06/2019 12:00,"0,01"
11/06/2019 11:00,"0,01"
11/06/2019 10:00,"0,01"
10/06/2019 17:00,"0,01"
10/06/2019 16:00,"0,01"
10/06/2019 15:00,"0,01"
10/06/2019 14:00,"0,01"
10/06/2019 13:00,"0,01"
10/06/2019 12:00,"0,01"
10/06/2019 11:00,"0,01"
10/06/2019 10:00,"0,01"
07/06/2019 17:00,"0,01"
07/06/2019 16:00,"0,01"
07/06/2019 15:00,"0,01"
07/06/2019 14:00,"0,01"
07/06/2019 13:00,"0,01"
07/06/2019 12:00,"0,01"
07/06/2019 11:00,"0,01"
07/06/2019 10:00,"0,01"
06/06/2019 17:00,"0,01"
06/06/2019 16:00,"0,01"
06/06/2019 15:00,"0,01"
06/06/2019 14:00,"0,01"
06/06/2019 13:00,"0,01"
06/06/2019 12:00,"0,01"
06/06/2019 11:00,"0,01"
06/06/2019 10:00,"0,01"
05/06/2019 17:00,"0,01"
05/06/2019 16:00,"0,01"
05/06/2019 15:00,"0,01"
05/06/2019 14:00,"0,01"
05/06/2019 13:00,"0,01"
05/06/2019 12:00,"0,01"
05/06/2019 11:00,"0,01"
05/06/2019 10:00,"0,01"
04/06/2019 17:00,"0,01"
04/06/2019 16:00,"0,01"
04/06/2019 15:00,"0,01"
04/06/2019 14:00,"0,01"
04/06/2019 13:00,"0,01"
04/06/2019 12:00,"0,01"
04/06/2019 11:00,"0,01"
04/06/2019 10:00,"0,01"
03/06/2019 17:00,"0,01"
03/06/2019 16:00,"0,01"
03/06/2019 15:00,"0,01"
03/06/2019 14:00,"0,01"
03/06/2019 13:00,"0,01"
03/06/2019 12:00,"0,01"
03/06/2019 11:00,"0,01"
03/06/2019 10:00,"0,01"
31/05/2019 17:00,"0,13"
31/05/2019 16:00,"0,13"
31/05/2019 15:00,"0,13"
31/05/2019 14:00,"0,13"
31/05/2019 13:00,"0,13"
31/05/2019 12:00,"0,13"
31/05/2019 11:00,"0,13"
31/05/2019 10:00,"0,13"
30/05/2019 17:00,"0,13"
30/05/2019 16:00,"0,13"
30/05/2019 15:00,"0,13"
30/05/2019 14:00,"0,13"
30/05/2019 13:00,"0,13"
30/05/2019 12:00,"0,13"
30/05/2019 11:00,"0,13"
30/05/2019 10:00,"0,13"
29/05/2019 17:00,"0,13"
29/05/2019 16:00,"0,13"
29/05/2019 15:00,"0,13"
29/05/2019 14:00,"0,13"
29/05/2019 13:00,"0,13"
29/05/2019 12:00,"0,13"
29/05/2019 11:00,"0,13"
29/05/2019 10:00,"0,13"
28/05/2019 17:00,"0,13"
28/05/2019 16:00,"0,13"
28/05/2019 15:00,"0,13"
28/05/2019 14:00,"0,13"
28/05/2019 13:00,"0,13"
28/05/2019 12:00,"0,13"
28/05/2019 11:00,"0,13"
28/05/2019 10:00,"0,13"
27/05/2019 17:00,"0,13"
27/05/2019 16:00,"0,13"
27/05/2019 15:00,"0,13"
27/05/2019 14:00,"0,13"
27/05/2019 13:00,"0,13"
27/05/2019 12:00,"0,13"
27/05/2019 11:00,"0,13"
27/05/2019 10:00,"0,13"
24/05/2019 17:00,"0,13"
24/05/2019 16:00,"0,13"
24/05/2019 15:00,"0,13"
24/05/2019 14:00,"0,13"
24/05/2019 13:00,"0,13"
24/05/2019 12:00,"0,13"
24/05/2019 11:00,"0,13"
24/05/2019 10:00,"0,13"
23/05/2019 17:00,"0,13"
23/05/2019 16:00,"0,13"
23/05/2019 15:00,"0,13"
23/05/2019 14:00,"0,13"
23/05/2019 13:00,"0,13"
23/05/2019 12:00,"0,13"
23/05/2019 11:00,"0,13"
23/05/2019 10:00,"0,13"
22/05/2019 17:00,"0,13"
22/05/2019 16:00,"0,13"
22/05/2019 15:00,"0,13"
22/05/2019 14:00,"0,13"
22/05/2019 13:00,"0,13"
22/05/2019 12:00,"0,13"
22/05/2019 11:00,"0,13"
22/05/2019 10:00,"0,13"
21/05/2019 17:00,"0,13"
21/05/2019 16:00,"0,13"
21/05/2019 15:00,"0,13"
21/05/2019 14:00,"0,13"
21/05/2019 13:00,"0,13"
21/05/2019 12:00,"0,13"
21/05/2019 11:00,"0,13"
21/05/2019 10:00,"0,13"
20/05/2019 17:00,"0,13"
20/05/2019 16:00,"0,13"
20/05/2019 15:00,"0,13"
20/05/2019 14:00,"0,13"
20/05/2019 13:00,"0,13"
20/05/2019 12:00,"0,13"
20/05/2019 11:00,"0,13"
20/05/2019 10:00,"0,13"
17/05/2019 17:00,"0,13"
17/05/2019 16:00,"0,13"
17/05/2019 15:00,"0,13"
17/05/2019 14:00,"0,13"
17/05/2019 13:00,"0,13"
17/05/2019 12:00,"0,13"
17/05/2019 11:00,"0,13"
17/05/2019 10:00,"0,13"
16/05/2019 17:00,"0,13"
16/05/2019 16:00,"0,13"
16/05/2019 15:00,"0,13"
16/05/2019 14:00,"0,13"
16/05/2019 13:00,"0,13"
16/05/2019 12:00,"0,13"
16/05/2019 11:00,"0,13"
16/05/2019 10:00,"0,13"
15/05/2019 17:00,"0,13"
15/05/2019 16:00,"0,13"
15/05/2019 15:00,"0,13"
15/05/2019 14:00,"0,13"
15/05/2019 13:00,"0,13"
15/05/2019 12:00,"0,13"
15/05/2019 11:00,"0,13"
15/05/2019 10:00,"0,13"
14/05/2019 17:00,"0,13"
14/05/2019 16:00,"0,13"
14/05/2019 15:00,"0,13"
14/05/2019 14:00,"0,13"
14/05/2019 13:00,"0,13"
14/05/2019 12:00,"0,13"
14/05/2019 11:00,"0,13"
14/05/2019 10:00,"0,13"
13/05/2019 17:00,"0,13"
13/05/2019 16:00,"0,13"
13/05/2019 15:00,"0,13"
13/05/2019 14:00,"0,13"
13/05/2019 13:00,"0,13"
13/05/2019 12:00,"0,13"
13/05/2019 11:00,"0,13"
13/05/2019 10:00,"0,13"
10/05/2019 17:00,"0,13"
10/05/2019 16:00,"0,13"
10/05/2019 15:00,"0,13"
10/05/2019 14:00,"0,13"
10/05/2019 13:00,"0,13"
10/05/2019 12:00,"0,13"
10/05/2019 11:00,"0,13"
10/05/2019 10:00,"0,13"
09/05/2019 17:00,"0,13"
09/05/2019 16:00,"0,13"
09/05/2019 15:00,"0,13"
09/05/2019 14:00,"0,13"
09/05/2019 13:00,"0,13"
09/05/2019 12:00,"0,13"
09/05/2019 11:00,"0,13"
09/05/2019 10:00,"0,13"
08/05/2019 17:00,"0,13"
08/05/2019 16:00,"0,13"
08/05/2019 15:00,"0,13"
08/05/2019 14:00,"0,13"
08/05/2019 13:00,"0,13"
08/05/2019 12:00,"0,13"
08/05/2019 11:00,"0,13"
08/05/2019 10:00,"0,13"
07/05/2019 17:00,"0,13"
07/05/2019 16:00,"0,13"
07/05/2019 15:00,"0,13"
07/05/2019 14:00,"0,13"
07/05/2019 13:00,"0,13"
07/05/2019 12:00,"0,13"
07/05/2019 11:00,"0,13"
07/05/2019 10:00,"0,13"
06/05/2019 17:00,"0,13"
06/05/2019 16:00,"0,13"
06/05/2019 15:00,"0,13"
06/05/2019 14:00,"0,13"
06/05/2019 13:00,"0,13"
06/05/2019 12:00,"0,13"
06/05/2019 11:00,"0,13"
06/05/2019 10:00,"0,13"
03/05/2019 17:00,"0,13"
03/05/2019 16:00,"0,13"
03/05/2019 15:00,"0,13"
03/05/2019 14:00,"0,13"
03/05/2019 13:00,"0,13"
03/05/2019 12:00,"0,13"
03/05/2019 11:00,"0,13"
03/05/2019 10:00,"0,13"
02/05/2019 17:00,"0,13"
02/05/2019 16:00,"0,13"
02/05/2019 15:00,"0,13"
02/05/2019 14:00,"0,13"
02/05/2019 13:00,"0,13"
02/05/2019 12:00,"0,13"
02/05/2019 11:00,"0,13"
02/05/2019 10:00,"0,13"
30/04/2019 17:00,"0,57"
30/04/2019 16:00,"0,57"
30/04/2019 15:00,"0,57"
30/04/2019 14:00,"0,57"
30/04/2019 13:00,"0,57"
30/04/2019 12:00,"0,57"
30/04/2019 11:00,"0,57"
30/04/2019 10:00,"0,57"
29/04/2019 17:00,"0,57"
29/04/2019 16:00,"0,57"
29/04/2019 15:00,"0,57"
29/04/2019 14:00,"0,57"
29/04/2019 13:00,"0,57"
29/04/2019 12:00,"0,57"
29/04/2019 11:00,"0,57"
29/04/2019 10:00,"0,57"
26/04/2019 17:00,"0,57"
26/04/2019 16:00,"0,57"
26/04/2019 15:00,"0,57"
26/04/2019 14:00,"0,57"
26/04/2019 13:00,"0,57"
26/04/2019 12:00,"0,57"
26/04/2019 11:00,"0,57"
26/04/2019 10:00,"0,57"
25/04/2019 17:00,"0,57"
25/04/2019 16:00,"0,57"
25/04/2019 15:00,"0,57"
25/04/2019 14:00,"0,57"
25/04/2019 13:00,"0,57"
25/04/2019 12:00,"0,57"
25/04/2019 11:00,"0,57"
25/04/2019 10:00,"0,57"
24/04/2019 17:00,"0,57"
24/04/2019 16:00,"0,57"
24/04/2019 15:00,"0,57"
24/04/2019 14:00,"0,57"
24/04/2019 13:00,"0,57"
24/04/2019 12:00,"0,57"
24/04/2019 11:00,"0,57"
24/04/2019 10:00,"0,57"
23/04/2019 17:00,"0,57"
23/04/2019 16:00,"0,57"
23/04/2019 15:00,"0,57"
23/04/2019 14:00,"0,57"
23/04/2019 13:00,"0,57"
23/04/2019 12:00,"0,57"
23/04/2019 11:00,"0,57"
23/04/2019 10:00,"0,57"
22/04/2019 17:00,"0,57"
22/04/2019 16:00,"0,57"
22/04/2019 15:00,"0,57"
22/04/2019 14:00,"0,57"
22/04/2019 13:00,"0,57"
22/04/2019 12:00,"0,57"
22/04/2019 11:00,"0,57"
22/04/2019 10:00,"0,57"
18/04/2019 17:00,"0,57"
18/04/2019 16:00,"0,57"
18/04/2019 15:00,"0,57"
18/04/2019 14:00,"0,57"
18/04/2019 13:00,"0,57"
18/04/2019 12:00,"0,57"
18/04/2019 11:00,"0,57"
18/04/2019 10:00,"0,57"
17/04/2019 17:00,"0,57"
17/04/2019 16:00,"0,57"
17/04/2019 15:00,"0,57"
17/04/2019 14:00,"0,57"
17/04/2019 13:00,"0,57"
17/04/2019 12:00,"0,57"
17/04/2019 11:00,"0,57"
17/04/2019 10:00,"0,57"
16/04/2019 17:00,"0,57"
16/04/2019 16:00,"0,57"
16/04/2019 15:00,"0,57"
16/04/2019 14:00,"0,57"
16/04/2019 13:00,"0,57"
16/04/2019 12:00,"0,57"
16/04/2019 11:00,"0,57"
16/04/2019 10:00,"0,57"
15/04/2019 17:00,"0,57"
15/04/2019 16:00,"0,57"
15/04/2019 15:00,"0,57"
15/04/2019 14:00,"0,57"
15/04/2019 13:00,"0,57"
15/04/2019 12:00,"0,57"
15/04/2019 11:00,"0,57"
15/04/2019 10:00,"0,57"
12/04/2019 17:00,"0,57"
12/04/2019 16:00,"0,57"
12/04/2019 15:00,"0,57"
12/04/2019 14:00,"0,57"
12/04/2019 13:00,"0,57"
12/04/2019 12:00,"0,57"
12/04/2019 11:00,"0,57"
12/04/2019 10:00,"0,57"
11/04/2019 17:00,"0,57"
11/04/2019 16:00,"0,57"
11/04/2019 15:00,"0,57"
11/04/2019 14:00,"0,57"
11/04/2019 13:00,"0,57"
11/04/2019 12:00,"0,57"
11/04/2019 11:00,"0,57"
11/04/2019 10:00,"0,57"
10/04/2019 17:00,"0,57"
10/04/2019 16:00,"0,57"
10/04/2019 15:00,"0,57"
10/04/2019 14:00,"0,57"
10/04/2019 13:00,"0,57"
10/04/2019 12:00,"0,57"
10/04/2019 11:00,"0,57"
10/04/2019 10:00,"0,57"
09/04/2019 17:00,"0,57"
09/04/2019 16:00,"0,57"
09/04/2019 15:00,"0,57"
09/04/2019 14:00,"0,57"
09/04/2019 13:00,"0,57"
09/04/2019 12:00,"0,57"
09/04/2019 11:00,"0,57"
09/04/2019 10:00,"0,57"
08/04/2019 17:00,"0,57"
08/04/2019 16:00,"0,57"
08/04/2019 15:00,"0,57"
08/04/2019 14:00,"0,57"
08/04/2019 13:00,"0,57"
08/04/2019 12:00,"0,57"
08/04/2019 11:00,"0,57"
08/04/2019 10:00,"0,57"
05/04/2019 17:00,"0,57"
05/04/2019 16:00,"0,57"
05/04/2019 15:00,"0,57"
05/04/2019 14:00,"0,57"
05/04/2019 13:00,"0,57"
05/04/2019 12:00,"0,57"
05/04/2019 11:00,"0,57"
05/04/2019 10:00,"0,57"
04/04/2019 17:00,"0,57"
04/04/2019 16:00,"0,57"
04/04/2019 15:00,"0,57"
04/04/2019 14:00,"0,57"
04/04/2019 13:00,"0,57"
04/04/2019 12:00,"0,57"
04/04/2019 11:00,"0,57"
04/04/2019 10:00,"0,57"
03/04/2019 17:00,"0,57"
03/04/2019 16:00,"0,57"
03/04/2019 15:00,"0,57"
03/04/2019 14:00,"0,57"
03/04/2019 13:00,"0,57"
03/04/2019 12:00,"0,57"
03/04/2019 11:00,"0,57"
03/04/2019 10:00,"0,57"
02/04/2019 17:00,"0,57"
02/04/2019 16:00,"0,57"
02/04/2019 15:00,"0,57"
02/04/2019 14:00,"0,57"
02/04/2019 13:00,"0,57"
02/04/2019 12:00,"0,57"
02/04/2019 11:00,"0,57"
02/04/2019 10:00,"0,57"
01/04/2019 17:00,"0,57"
01/04/2019 16:00,"0,57"
01/04/2019 15:00,"0,57"
01/04/2019 14:00,"0,57"
01/04/2019 13:00,"0,57"
01/04/2019 12:00,"0,57"
01/04/2019 11:00,"0,57"
01/04/2019 10:00,"0,57"
29/03/2019 17:00,"0,75"
29/03/2019 16:00,"0,75"
29/03/2019 15:00,"0,75"
29/03/2019 14:00,"0,75"
29/03/2019 13:00,"0,75"
29/03/2019 12:00,"0,75"
29/03/2019 11:00,"0,75"
29/03/2019 10:00,"0,75"
28/03/2019 17:00,"0,75"
28/03/2019 16:00,"0,75"
28/03/2019 15:00,"0,75"
28/03/2019 14:00,"0,75"
28/03/2019 13:00,"0,75"
28/03/2019 12:00,"0,75"
28/03/2019 11:00,"0,75"
28/03/2019 10:00,"0,75"
27/03/2019 17:00,"0,75"
27/03/2019 16:00,"0,75"
27/03/2019 15:00,"0,75"
27/03/2019 14:00,"0,75"
27/03/2019 13:00,"0,75"
27/03/2019 12:00,"0,75"
27/03/2019 11:00,"0,75"
27/03/2019 10:00,"0,75"
26/03/2019 17:00,"0,75"
26/03/2019 16:00,"0,75"
26/03/2019 15:00,"0,75"
26/03/2019 14:00,"0,75"
26/03/2019 13:00,"0,75"
26/03/2019 12:00,"0,75"
26/03/2019 11:00,"0,75"
26/03/2019 10:00,"0,75"
25/03/2019 17:00,"0,75"
25/03/2019 16:00,"0,75"
25/03/2019 15:00,"0,75"
25/03/2019 14:00,"0,75"
25/03/2019 13:00,"0,75"
25/03/2019 12:00,"0,75"
25/03/2019 11:00,"0,75"
25/03/2019 10:00,"0,75"
22/03/2019 17:00,"0,75"
22/03/2019 16:00,"0,75"
22/03/2019 15:00,"0,75"
22/03/2019 14:00,"0,75"
22/03/2019 13:00,"0,75"
22/03/2019 12:00,"0,75"
22/03/2019 11:00,"0,75"
22/03/2019 10:00,"0,75"
21/03/2019 17:00,"0,75"
21/03/2019 16:00,"0,75"
21/03/2019 15:00,"0,75"
21/03/2019 14:00,"0,75"
21/03/2019 13:00,"0,75"
21/03/2019 12:00,"0,75"
21/03/2019 11:00,"0,75"
21/03/2019 10:00,"0,75"
20/03/2019 17:00,"0,75"
20/03/2019 16:00,"0,75"
20/03/2019 15:00,"0,75"
20/03/2019 14:00,"0,75"
20/03/2019 13:00,"0,75"
20/03/2019 12:00,"0,75"
20/03/2019 11:00,"0,75"
20/03/2019 10:00,"0,75"
19/03/2019 17:00,"0,75"
19/03/2019 16:00,"0,75"
19/03/2019 15:00,"0,75"
19/03/2019 14:00,"0,75"
19/03/2019 13:00,"0,75"
19/03/2019 12:00,"0,75"
19/03/2019 11:00,"0,75"
19/03/2019 10:00,"0,75"
18/03/2019 17:00,"0,75"
18/03/2019 16:00,"0,75"
18/03/2019 15:00,"0,75"
18/03/2019 14:00,"0,75"
18/03/2019 13:00,"0,75"
18/03/2019 12:00,"0,75"
18/03/2019 11:00,"0,75"
18/03/2019 10:00,"0,75"
15/03/2019 17:00,"0,75"
15/03/2019 16:00,"0,75"
15/03/2019 15:00,"0,75"
15/03/2019 14:00,"0,75"
15/03/2019 13:00,"0,75"
15/03/2019 12:00,"0,75"
15/03/2019 11:00,"0,75"
15/03/2019 10:00,"0,75"
14/03/2019 17:00,"0,75"
14/03/2019 16:00,"0,75"
14/03/2019 15:00,"0,75"
14/03/2019 14:00,"0,75"
14/03/2019 13:00,"0,75"
14/03/2019 12:00,"0,75"
14/03/2019 11:00,"0,75"
14/03/2019 10:00,"0,75"
13/03/2019 17:00,"0,75"
13/03/2019 16:00,"0,75"
13/03/2019 15:00,"0,75"
13/03/2019 14:00,"0,75"
13/03/2019 13:00,"0,75"
13/03/2019 12:00,"0,75"
13/03/2019 11:00,"0,75"
13/03/2019 10:00,"0,75"
12/03/2019 17:00,"0,75"
12/03/2019 16:00,"0,75"
12/03/2019 15:00,"0,75"
12/03/2019 14:00,"0,75"
12/03/2019 13:00,"0,75"
12/03/2019 12:00,"0,75"
12/03/2019 11:00,"0,75"
12/03/2019 10:00,"0,75"
11/03/2019 17:00,"0,75"
11/03/2019 16:00,"0,75"
11/03/2019 15:00,"0,75"
11/03/2019 14:00,"0,75"
11/03/2019 13:00,"0,75"
11/03/2019 12:00,"0,75"
11/03/2019 11:00,"0,75"
11/03/2019 10:00,"0,75"
08/03/2019 17:00,"0,75"
08/03/2019 16:00,"0,75"
08/03/2019 15:00,"0,75"
08/03/2019 14:00,"0,75"
08/03/2019 13:00,"0,75"
08/03/2019 12:00,"0,75"
08/03/2019 11:00,"0,75"
08/03/2019 10:00,"0,75"
07/03/2019 17:00,"0,75"
07/03/2019 16:00,"0,75"
07/03/2019 15:00,"0,75"
07/03/2019 14:00,"0,75"
07/03/2019 13:00,"0,75"
07/03/2019 12:00,"0,75"
07/03/2019 11:00,"0,75"
07/03/2019 10:00,"0,75"
06/03/2019 17:00,"0,75"
06/03/2019 16:00,"0,75"
06/03/2019 15:00,"0,75"
06/03/2019 14:00,"0,75"
06/03/2019 13:00,"0,75"
01/03/2019 17:00,"0,75"
01/03/2019 16:00,"0,75"
01/03/2019 15:00,"0,75"
01/03/2019 14:00,"0,75"
01/03/2019 13:00,"0,75"
01/03/2019 12:00,"0,75"
01/03/2019 11:00,"0,75"
01/03/2019 10:00,"0,75"
28/02/2019 17:00,"0,43"
28/02/2019 16:00,"0,43"
28/02/2019 15:00,"0,43"
28/02/2019 14:00,"0,43"
28/02/2019 13:00,"0,43"
28/02/2019 12:00,"0,43"
28/02/2019 11:00,"0,43"
28/02/2019 10:00,"0,43"
27/02/2019 17:00,"0,43"
27/02/2019 16:00,"0,43"
27/02/2019 15:00,"0,43"
27/02/2019 14:00,"0,43"
27/02/2019 13:00,"0,43"
27/02/2019 12:00,"0,43"
27/02/2019 11:00,"0,43"
27/02/2019 10:00,"0,43"
26/02/2019 17:00,"0,43"
26/02/2019 16:00,"0,43"
26/02/2019 15:00,"0,43"
26/02/2019 14:00,"0,43"
26/02/2019 13:00,"0,43"
26/02/2019 12:00,"0,43"
26/02/2019 11:00,"0,43"
26/02/2019 10:00,"0,43"
25/02/2019 17:00,"0,43"
25/02/2019 16:00,"0,43"
25/02/2019 15:00,"0,43"
25/02/2019 14:00,"0,43"
25/02/2019 13:00,"0,43"
25/02/2019 12:00,"0,43"
25/02/2019 11:00,"0,43"
25/02/2019 10:00,"0,43"
22/02/2019 17:00,"0,43"
22/02/2019 16:00,"0,43"
22/02/2019 15:00,"0,43"
22/02/2019 14:00,"0,43"
22/02/2019 13:00,"0,43"
22/02/2019 12:00,"0,43"
22/02/2019 11:00,"0,43"
22/02/2019 10:00,"0,43"
21/02/2019 17:00,"0,43"
21/02/2019 16:00,"0,43"
21/02/2019 15:00,"0,43"
21/02/2019 14:00,"0,43"
21/02/2019 13:00,"0,43"
21/02/2019 12:00,"0,43"
21/02/2019 11:00,"0,43"
21/02/2019 10:00,"0,43"
20/02/2019 17:00,"0,43"
20/02/2019 16:00,"0,43"
20/02/2019 15:00,"0,43"
20/02/2019 14:00,"0,43"
20/02/2019 13:00,"0,43"
20/02/2019 12:00,"0,43"
20/02/2019 11:00,"0,43"
20/02/2019 10:00,"0,43"
19/02/2019 17:00,"0,43"
19/02/2019 16:00,"0,43"
19/02/2019 15:00,"0,43"
19/02/2019 14:00,"0,43"
19/02/2019 13:00,"0,43"
19/02/2019 12:00,"0,43"
19/02/2019 11:00,"0,43"
19/02/2019 10:00,"0,43"
18/02/2019 17:00,"0,43"
18/02/2019 16:00,"0,43"
18/02/2019 15:00,"0,43"
18/02/2019 14:00,"0,43"
18/02/2019 13:00,"0,43"
18/02/2019 12:00,"0,43"
18/02/2019 11:00,"0,43"
18/02/2019 10:00,"0,43"
15/02/2019 17:00,"0,43"
15/02/2019 16:00,"0,43"
15/02/2019 15:00,"0,43"
15/02/2019 14:00,"0,43"
15/02/2019 13:00,"0,43"
15/02/2019 12:00,"0,43"
15/02/2019 11:00,"0,43"
15/02/2019 10:00,"0,43"
14/02/2019 17:00,"0,43"
14/02/2019 16:00,"0,43"
14/02/2019 15:00,"0,43"
14/02/2019 14:00,"0,43"
14/02/2019 13:00,"0,43"
14/02/2019 12:00,"0,43"
14/02/2019 11:00,"0,43"
14/02/2019 10:00,"0,43"
13/02/2019 17:00,"0,43"
13/02/2019 16:00,"0,43"
13/02/2019 15:00,"0,43"
13/02/2019 14:00,"0,43"
13/02/2019 13:00,"0,43"
13/02/2019 12:00,"0,43"
13/02/2019 11:00,"0,43"
13/02/2019 10:00,"0,43"
12/02/2019 17:00,"0,43"
12/02/2019 16:00,"0,43"
12/02/2019 15:00,"0,43"
12/02/2019 14:00,"0,43"
12/02/2019 13:00,"0,43"
12/02/2019 12:00,"0,43"
12/02/2019 11:00,"0,43"
12/02/2019 10:00,"0,43"
11/02/2019 17:00,"0,43"
11/02/2019 16:00,"0,43"
11/02/2019 15:00,"0,43"
11/02/2019 14:00,"0,43"
11/02/2019 13:00,"0,43"
11/02/2019 12:00,"0,43"
11/02/2019 11:00,"0,43"
11/02/2019 10:00,"0,43"
08/02/2019 17:00,"0,43"
08/02/2019 16:00,"0,43"
08/02/2019 15:00,"0,43"
08/02/2019 14:00,"0,43"
08/02/2019 13:00,"0,43"
08/02/2019 12:00,"0,43"
08/02/2019 11:00,"0,43"
08/02/2019 10:00,"0,43"
07/02/2019 17:00,"0,43"
07/02/2019 16:00,"0,43"
07/02/2019 15:00,"0,43"
07/02/2019 14:00,"0,43"
07/02/2019 13:00,"0,43"
07/02/2019 12:00,"0,43"
07/02/2019 11:00,"0,43"
07/02/2019 10:00,"0,43"
06/02/2019 17:00,"0,43"
06/02/2019 16:00,"0,43"
06/02/2019 15:00,"0,43"
06/02/2019 14:00,"0,43"
06/02/2019 13:00,"0,43"
06/02/2019 12:00,"0,43"
06/02/2019 11:00,"0,43"
06/02/2019 10:00,"0,43"
05/02/2019 17:00,"0,43"
05/02/2019 16:00,"0,43"
05/02/2019 15:00,"0,43"
05/02/2019 14:00,"0,43"
05/02/2019 13:00,"0,43"
05/02/2019 12:00,"0,43"
05/02/2019 11:00,"0,43"
05/02/2019 10:00,"0,43"
04/02/2019 17:00,"0,43"
04/02/2019 16:00,"0,43"
04/02/2019 15:00,"0,43"
04/02/2019 14:00,"0,43"
04/02/2019 13:00,"0,43"
04/02/2019 12:00,"0,43"
04/02/2019 11:00,"0,43"
04/02/2019 10:00,"0,43"
01/02/2019 17:00,"0,43"
01/02/2019 16:00,"0,43"
01/02/2019 15:00,"0,43"
01/02/2019 14:00,"0,43"
01/02/2019 13:00,"0,43"
01/02/2019 12:00,"0,43"
01/02/2019 11:00,"0,43"
01/02/2019 10:00,"0,43"
31/01/2019 17:00,"0,32"
31/01/2019 16:00,"0,32"
31/01/2019 15:00,"0,32"
31/01/2019 14:00,"0,32"
31/01/2019 13:00,"0,32"
31/01/2019 12:00,"0,32"
31/01/2019 11:00,"0,32"
31/01/2019 10:00,"0,32"
30/01/2019 17:00,"0,32"
30/01/2019 16:00,"0,32"
30/01/2019 15:00,"0,32"
30/01/2019 14:00,"0,32"
30/01/2019 13:00,"0,32"
30/01/2019 12:00,"0,32"
30/01/2019 11:00,"0,32"
30/01/2019 10:00,"0,32"
29/01/2019 17:00,"0,32"
29/01/2019 16:00,"0,32"
29/01/2019 15:00,"0,32"
29/01/2019 14:00,"0,32"
29/01/2019 13:00,"0,32"
29/01/2019 12:00,"0,32"
29/01/2019 11:00,"0,32"
29/01/2019 10:00,"0,32"
28/01/2019 17:00,"0,32"
28/01/2019 16:00,"0,32"
28/01/2019 15:00,"0,32"
28/01/2019 14:00,"0,32"
28/01/2019 13:00,"0,32"
28/01/2019 12:00,"0,32"
28/01/2019 11:00,"0,32"
28/01/2019 10:00,"0,32"
24/01/2019 17:00,"0,32"
24/01/2019 16:00,"0,32"
24/01/2019 15:00,"0,32"
24/01/2019 14:00,"0,32"
24/01/2019 13:00,"0,32"
24/01/2019 12:00,"0,32"
24/01/2019 11:00,"0,32"
24/01/2019 10:00,"0,32"
23/01/2019 17:00,"0,32"
23/01/2019 16:00,"0,32"
23/01/2019 15:00,"0,32"
23/01/2019 14:00,"0,32"
23/01/2019 13:00,"0,32"
23/01/2019 12:00,"0,32"
23/01/2019 11:00,"0,32"
23/01/2019 10:00,"0,32"
22/01/2019 17:00,"0,32"
22/01/2019 16:00,"0,32"
22/01/2019 15:00,"0,32"
22/01/2019 14:00,"0,32"
22/01/2019 13:00,"0,32"
22/01/2019 12:00,"0,32"
22/01/2019 11:00,"0,32"
22/01/2019 10:00,"0,32"
21/01/2019 17:00,"0,32"
21/01/2019 16:00,"0,32"
21/01/2019 15:00,"0,32"
21/01/2019 14:00,"0,32"
21/01/2019 13:00,"0,32"
21/01/2019 12:00,"0,32"
21/01/2019 11:00,"0,32"
21/01/2019 10:00,"0,32"
18/01/2019 17:00,"0,32"
18/01/2019 16:00,"0,32"
18/01/2019 15:00,"0,32"
18/01/2019 14:00,"0,32"
18/01/2019 13:00,"0,32"
18/01/2019 12:00,"0,32"
18/01/2019 11:00,"0,32"
18/01/2019 10:00,"0,32"
17/01/2019 17:00,"0,32"
17/01/2019 16:00,"0,32"
17/01/2019 15:00,"0,32"
17/01/2019 14:00,"0,32"
17/01/2019 13:00,"0,32"
17/01/2019 12:00,"0,32"
17/01/2019 11:00,"0,32"
17/01/2019 10:00,"0,32"
16/01/2019 17:00,"0,32"
16/01/2019 16:00,"0,32"
16/01/2019 15:00,"0,32"
16/01/2019 14:00,"0,32"
16/01/2019 13:00,"0,32"
16/01/2019 12:00,"0,32"
16/01/2019 11:00,"0,32"
16/01/2019 10:00,"0,32"
15/01/2019 17:00,"0,32"
15/01/2019 16:00,"0,32"
15/01/2019 15:00,"0,32"
15/01/2019 14:00,"0,32"
15/01/2019 13:00,"0,32"
15/01/2019 12:00,"0,32"
15/01/2019 11:00,"0,32"
15/01/2019 10:00,"0,32"
14/01/2019 17:00,"0,32"
14/01/2019 16:00,"0,32"
14/01/2019 15:00,"0,32"
14/01/2019 14:00,"0,32"
14/01/2019 13:00,"0,32"
14/01/2019 12:00,"0,32"
14/01/2019 11:00,"0,32"
14/01/2019 10:00,"0,32"
11/01/2019 17:00,"0,32"
11/01/2019 16:00,"0,32"
11/01/2019 15:00,"0,32"
11/01/2019 14:00,"0,32"
11/01/2019 13:00,"0,32"
11/01/2019 12:00,"0,32"
11/01/2019 11:00,"0,32"
11/01/2019 10:00,"0,32"
10/01/2019 17:00,"0,32"
10/01/2019 16:00,"0,32"
10/01/2019 15:00,"0,32"
10/01/2019 14:00,"0,32"
10/01/2019 13:00,"0,32"
10/01/2019 12:00,"0,32"
10/01/2019 11:00,"0,32"
10/01/2019 10:00,"0,32"
09/01/2019 17:00,"0,32"
09/01/2019 16:00,"0,32"
09/01/2019 15:00,"0,32"
09/01/2019 14:00,"0,32"
09/01/2019 13:00,"0,32"
09/01/2019 12:00,"0,32"
09/01/2019 11:00,"0,32"
09/01/2019 10:00,"0,32"
08/01/2019 17:00,"0,32"
08/01/2019 16:00,"0,32"
08/01/2019 15:00,"0,32"
08/01/2019 14:00,"0,32"
08/01/2019 13:00,"0,32"
08/01/2019 12:00,"0,32"
08/01/2019 11:00,"0,32"
08/01/2019 10:00,"0,32"
07/01/2019 17:00,"0,32"
07/01/2019 16:00,"0,32"
07/01/2019 15:00,"0,32"
07/01/2019 14:00,"0,32"
07/01/2019 13:00,"0,32"
07/01/2019 12:00,"0,32"
07/01/2019 11:00,"0,32"
07/01/2019 10:00,"0,32"
04/01/2019 17:00,"0,32"
04/01/2019 16:00,"0,32"
04/01/2019 15:00,"0,32"
04/01/2019 14:00,"0,32"
04/01/2019 13:00,"0,32"
04/01/2019 12:00,"0,32"
04/01/2019 11:00,"0,32"
04/01/2019 10:00,"0,32"
03/01/2019 17:00,"0,32"
03/01/2019 16:00,"0,32"
03/01/2019 15:00,"0,32"
03/01/2019 14:00,"0,32"
03/01/2019 13:00,"0,32"
03/01/2019 12:00,"0,32"
03/01/2019 11:00,"0,32"
03/01/2019 10:00,"0,32"
02/01/2019 17:00,"0,32"
02/01/2019 16:00,"0,32"
02/01/2019 15:00,"0,32"
02/01/2019 14:00,"0,32"
02/01/2019 13:00,"0,32"
02/01/2019 12:00,"0,32"
02/01/2019 11:00,"0,32"
02/01/2019 10:00,"0,32"